timestamp_utc,episode,term,progress,time,distance,fitness,progress_delta,last_reward_progress,episode_reward,timesteps
2026-04-28T07:55:14Z,1,-1,0.0,2.299999952316284,5.936104774475098,-1000000000.0,0.0,0.0,-1000.0,194
2026-04-28T07:55:18Z,2,-1,0.0,2.009999990463257,1.027815818786621,-1000000000.0,0.0,0.0,-1000.0,368
2026-04-28T07:55:25Z,3,-1,2.857142857142857,5.96999979019165,23.595430374145508,-997142857.1428572,0.0,2.857142857142857,-996.857143,768
2026-04-28T07:55:31Z,4,-1,0.0,3.930000066757202,14.979839324951172,-1000000000.0,0.0,0.0,-1000.0,1055
2026-04-28T07:55:36Z,5,-1,0.0,2.0199999809265137,3.0600967407226562,-1000000000.0,0.0,0.0,-1000.0,1239
2026-04-28T07:55:42Z,6,-1,0.0,2.0399999618530273,4.039663314819336,-1000000000.0,0.0,0.0,-1000.0,1425
2026-04-28T07:55:54Z,7,-1,5.714285714285714,9.359999656677246,51.04298782348633,-994285714.2857143,0.0,5.714285714285714,-993.714286,2025
2026-04-28T07:56:04Z,8,-1,2.857142857142857,6.590000152587891,44.79705047607422,-997142857.1428572,0.0,2.857142857142857,-996.857143,2463
2026-04-28T07:56:25Z,9,-1,11.428571428571429,17.290000915527344,127.79629516601562,-988571428.5714285,0.0,11.428571428571429,-987.428571,3500
2026-04-28T07:56:32Z,10,-1,2.857142857142857,3.9200000762939453,24.137117385864258,-997142857.1428572,0.0,2.857142857142857,-996.857143,3795
2026-04-28T07:56:40Z,11,-1,2.857142857142857,4.840000152587891,29.444704055786133,-997142857.1428572,0.0,2.857142857142857,-996.857143,4140
2026-04-28T07:56:47Z,12,-1,2.857142857142857,3.4700000286102295,21.707393646240234,-997142857.1428572,0.0,2.857142857142857,-996.857143,4406
2026-04-28T07:56:53Z,13,-1,0.0,3.109999895095825,19.563674926757812,-1000000000.0,0.0,0.0,-1000.0,4651
2026-04-28T07:57:00Z,14,-1,2.857142857142857,3.430000066757202,21.327491760253906,-997142857.1428572,0.0,2.857142857142857,-996.857143,4917
2026-04-28T07:57:06Z,15,-1,2.857142857142857,3.2100000381469727,20.74251937866211,-997142857.1428572,0.0,2.857142857142857,-996.857143,5171
2026-04-28T07:57:12Z,16,-1,0.0,2.440000057220459,15.892472267150879,-1000000000.0,0.0,0.0,-1000.0,5384
2026-04-28T07:57:20Z,17,-1,2.857142857142857,4.119999885559082,22.530284881591797,-997142857.1428572,0.0,2.857142857142857,-996.857143,5688
2026-04-28T07:57:27Z,18,-1,2.857142857142857,4.130000114440918,24.651084899902344,-997142857.1428572,0.0,2.857142857142857,-996.857143,5991
2026-04-28T07:57:33Z,19,-1,0.0,2.6700000762939453,17.163793563842773,-1000000000.0,0.0,0.0,-1000.0,6207
2026-04-28T07:57:40Z,20,-1,0.0,3.009999990463257,16.510845184326172,-1000000000.0,0.0,0.0,-1000.0,6446
2026-04-28T07:57:46Z,21,-1,0.0,3.1500000953674316,18.126798629760742,-1000000000.0,0.0,0.0,-1000.0,6697
2026-04-28T07:57:54Z,22,-1,2.857142857142857,4.690000057220459,23.644573211669922,-997142857.1428572,0.0,2.857142857142857,-996.857143,7032
2026-04-28T07:57:59Z,23,-1,0.0,2.009999990463257,12.746380805969238,-1000000000.0,0.0,0.0,-1000.0,7213
2026-04-28T07:58:06Z,24,-1,2.857142857142857,3.0199999809265137,21.643125534057617,-997142857.1428572,0.0,2.857142857142857,-996.857143,7458
2026-04-28T07:58:12Z,25,-1,2.857142857142857,3.009999990463257,26.18655776977539,-997142857.1428572,0.0,2.857142857142857,-996.857143,7698
2026-04-28T07:58:19Z,26,-1,2.857142857142857,3.009999990463257,34.1723747253418,-997142857.1428572,0.0,2.857142857142857,-996.857143,7940
2026-04-28T07:58:25Z,27,-1,2.857142857142857,3.0199999809265137,24.263378143310547,-997142857.1428572,0.0,2.857142857142857,-996.857143,8180
2026-04-28T07:58:33Z,28,-1,2.857142857142857,4.980000019073486,41.818359375,-997142857.1428572,0.0,2.857142857142857,-996.857143,8532
2026-04-28T07:58:40Z,29,-1,2.857142857142857,3.0199999809265137,27.19025421142578,-997142857.1428572,0.0,2.857142857142857,-996.857143,8771
2026-04-28T07:58:48Z,30,-1,2.857142857142857,4.639999866485596,41.703121185302734,-997142857.1428572,0.0,2.857142857142857,-996.857143,9103
2026-04-28T07:58:54Z,31,-1,0.0,2.6700000762939453,18.31328773498535,-1000000000.0,0.0,0.0,-1000.0,9324
2026-04-28T07:59:00Z,32,-1,2.857142857142857,3.0199999809265137,26.998579025268555,-997142857.1428572,0.0,2.857142857142857,-996.857143,9565
2026-04-28T07:59:06Z,33,-1,0.0,2.690000057220459,18.162534713745117,-1000000000.0,0.0,0.0,-1000.0,9789
2026-04-28T07:59:12Z,34,-1,0.0,2.819999933242798,20.404277801513672,-1000000000.0,0.0,0.0,-1000.0,10014
2026-04-28T07:59:19Z,35,-1,2.857142857142857,3.009999990463257,22.558349609375,-997142857.1428572,0.0,2.857142857142857,-996.857143,10254
2026-04-28T07:59:25Z,36,-1,2.857142857142857,3.009999990463257,24.700027465820312,-997142857.1428572,0.0,2.857142857142857,-996.857143,10489
2026-04-28T07:59:32Z,37,-1,2.857142857142857,3.0199999809265137,26.350261688232422,-997142857.1428572,0.0,2.857142857142857,-996.857143,10732
2026-04-28T07:59:39Z,38,-1,2.857142857142857,3.369999885559082,28.91440200805664,-997142857.1428572,0.0,2.857142857142857,-996.857143,10992
2026-04-28T07:59:46Z,39,-1,2.857142857142857,3.809999942779541,33.159706115722656,-997142857.1428572,0.0,2.857142857142857,-996.857143,11276
2026-04-28T07:59:53Z,40,-1,2.857142857142857,3.450000047683716,28.163516998291016,-997142857.1428572,0.0,2.857142857142857,-996.857143,11542
2026-04-28T08:00:00Z,41,-1,2.857142857142857,3.700000047683716,34.33055877685547,-997142857.1428572,0.0,2.857142857142857,-996.857143,11815
2026-04-28T08:00:07Z,42,-1,2.857142857142857,3.5799999237060547,29.839860916137695,-997142857.1428572,0.0,2.857142857142857,-996.857143,12086
2026-04-28T08:00:14Z,43,-1,2.857142857142857,3.3299999237060547,31.48785400390625,-997142857.1428572,0.0,2.857142857142857,-996.857143,12345
2026-04-28T08:00:20Z,44,-1,2.857142857142857,3.0199999809265137,25.370868682861328,-997142857.1428572,0.0,2.857142857142857,-996.857143,12589
2026-04-28T08:00:26Z,45,-1,2.857142857142857,3.0199999809265137,30.307233810424805,-997142857.1428572,0.0,2.857142857142857,-996.857143,12831
2026-04-28T08:00:33Z,46,-1,0.0,2.809999942779541,20.024595260620117,-1000000000.0,0.0,0.0,-1000.0,13099
2026-04-28T08:00:41Z,47,-1,2.857142857142857,3.0199999809265137,28.070877075195312,-997142857.1428572,0.0,2.857142857142857,-996.857143,13329
2026-04-28T08:00:47Z,48,-1,2.857142857142857,3.0199999809265137,27.78653907775879,-997142857.1428572,0.0,2.857142857142857,-996.857143,13560
2026-04-28T08:00:54Z,49,-1,2.857142857142857,3.009999990463257,28.69816780090332,-997142857.1428572,0.0,2.857142857142857,-996.857143,13792
2026-04-28T08:01:01Z,50,-1,2.857142857142857,3.0199999809265137,29.153690338134766,-997142857.1428572,0.0,2.857142857142857,-996.857143,14027
2026-04-28T08:01:07Z,51,-1,2.857142857142857,3.0199999809265137,26.67961311340332,-997142857.1428572,0.0,2.857142857142857,-996.857143,14264
2026-04-28T08:01:13Z,52,-1,2.857142857142857,3.009999990463257,29.648048400878906,-997142857.1428572,0.0,2.857142857142857,-996.857143,14505
2026-04-28T08:01:20Z,53,-1,2.857142857142857,3.0199999809265137,28.121719360351562,-997142857.1428572,0.0,2.857142857142857,-996.857143,14740
2026-04-28T08:01:27Z,54,-1,2.857142857142857,3.009999990463257,28.566287994384766,-997142857.1428572,0.0,2.857142857142857,-996.857143,14978
2026-04-28T08:01:32Z,55,-1,0.0,2.009999990463257,6.985212326049805,-1000000000.0,0.0,0.0,-1000.0,15161
2026-04-28T08:01:39Z,56,-1,2.857142857142857,3.609999895095825,28.31809425354004,-997142857.1428572,0.0,2.857142857142857,-996.857143,15428
2026-04-28T08:01:46Z,57,-1,2.857142857142857,3.130000114440918,27.57328987121582,-997142857.1428572,0.0,2.857142857142857,-996.857143,15675
2026-04-28T08:01:56Z,58,-1,2.857142857142857,6.989999771118164,31.34004020690918,-997142857.1428572,0.0,2.857142857142857,-996.857143,16138
2026-04-28T08:02:03Z,59,-1,2.857142857142857,3.309999942779541,24.83133316040039,-997142857.1428572,0.0,2.857142857142857,-996.857143,16390
2026-04-28T08:02:10Z,60,-1,2.857142857142857,4.340000152587891,29.83198356628418,-997142857.1428572,0.0,2.857142857142857,-996.857143,16706
2026-04-28T08:02:17Z,61,-1,2.857142857142857,3.119999885559082,17.245830535888672,-997142857.1428572,0.0,2.857142857142857,-996.857143,16953
2026-04-28T08:02:24Z,62,-1,2.857142857142857,3.0299999713897705,26.291561126708984,-997142857.1428572,0.0,2.857142857142857,-996.857143,17194
2026-04-28T08:02:29Z,63,-1,0.0,2.009999990463257,1.2245508432388306,-1000000000.0,0.0,0.0,-1000.0,17375
2026-04-28T08:02:37Z,64,-1,2.857142857142857,4.75,28.930294036865234,-997142857.1428572,0.0,2.857142857142857,-996.857143,17703
2026-04-28T08:02:46Z,65,-1,2.857142857142857,5.320000171661377,29.754810333251953,-997142857.1428572,0.0,2.857142857142857,-996.857143,18074
2026-04-28T08:02:53Z,66,-1,2.857142857142857,3.2300000190734863,23.677165985107422,-997142857.1428572,0.0,2.857142857142857,-996.857143,18326
2026-04-28T08:03:00Z,67,-1,2.857142857142857,3.4200000762939453,23.666208267211914,-997142857.1428572,0.0,2.857142857142857,-996.857143,18593
2026-04-28T08:03:08Z,68,-1,2.857142857142857,4.519999980926514,25.66597557067871,-997142857.1428572,0.0,2.857142857142857,-996.857143,18917
2026-04-28T08:03:15Z,69,-1,2.857142857142857,4.230000019073486,32.21833038330078,-997142857.1428572,0.0,2.857142857142857,-996.857143,19222
2026-04-28T08:03:22Z,70,-1,2.857142857142857,3.609999895095825,21.878267288208008,-997142857.1428572,0.0,2.857142857142857,-996.857143,19488
2026-04-28T08:03:29Z,71,-1,0.0,3.059999942779541,18.545978546142578,-1000000000.0,0.0,0.0,-1000.0,19730
2026-04-28T08:03:34Z,72,-1,0.0,2.0199999809265137,0.8895058035850525,-1000000000.0,0.0,0.0,-1000.0,19910
2026-04-28T08:03:42Z,73,-1,2.857142857142857,4.369999885559082,29.18870735168457,-997142857.1428572,0.0,2.857142857142857,-996.857143,20214
2026-04-28T08:03:48Z,74,-1,0.0,2.7200000286102295,19.648386001586914,-1000000000.0,0.0,0.0,-1000.0,20439
2026-04-28T08:03:55Z,75,-1,0.0,2.740000009536743,19.54145050048828,-1000000000.0,0.0,0.0,-1000.0,20662
2026-04-28T08:04:02Z,76,-1,2.857142857142857,4.179999828338623,33.3621826171875,-997142857.1428572,0.0,2.857142857142857,-996.857143,20965
2026-04-28T08:04:09Z,77,-1,2.857142857142857,3.0399999618530273,21.821027755737305,-997142857.1428572,0.0,2.857142857142857,-996.857143,21202
2026-04-28T08:04:14Z,78,-1,0.0,2.490000009536743,19.16366958618164,-1000000000.0,0.0,0.0,-1000.0,21410
2026-04-28T08:04:21Z,79,-1,2.857142857142857,3.440000057220459,26.04360008239746,-997142857.1428572,0.0,2.857142857142857,-996.857143,21672
2026-04-28T08:04:27Z,80,-1,0.0,2.4200000762939453,19.787843704223633,-1000000000.0,0.0,0.0,-1000.0,21875
2026-04-28T08:04:32Z,81,-1,0.0,2.2300000190734863,17.809797286987305,-1000000000.0,0.0,0.0,-1000.0,22073
2026-04-28T08:04:39Z,82,-1,0.0,3.390000104904175,17.976318359375,-1000000000.0,0.0,0.0,-1000.0,22327
2026-04-28T08:04:46Z,83,-1,0.0,3.200000047683716,18.830917358398438,-1000000000.0,0.0,0.0,-1000.0,22578
2026-04-28T08:04:52Z,84,-1,0.0,2.5,18.81631851196289,-1000000000.0,0.0,0.0,-1000.0,22787
2026-04-28T08:04:58Z,85,-1,0.0,3.3399999141693115,19.673871994018555,-1000000000.0,0.0,0.0,-1000.0,23044
2026-04-28T08:05:06Z,86,-1,0.0,4.170000076293945,18.078384399414062,-1000000000.0,0.0,0.0,-1000.0,23338
2026-04-28T08:05:12Z,87,-1,0.0,2.009999990463257,0.5324704051017761,-1000000000.0,0.0,0.0,-1000.0,23516
2026-04-28T08:05:18Z,88,-1,0.0,2.680000066757202,17.85433578491211,-1000000000.0,0.0,0.0,-1000.0,23732
2026-04-28T08:05:24Z,89,-1,0.0,3.0999999046325684,19.44560432434082,-1000000000.0,0.0,0.0,-1000.0,23977
2026-04-28T08:05:33Z,90,-1,2.857142857142857,4.769999980926514,28.109600067138672,-997142857.1428572,0.0,2.857142857142857,-996.857143,24310
2026-04-28T08:05:40Z,91,-1,0.0,2.3399999141693115,17.748510360717773,-1000000000.0,0.0,0.0,-1000.0,24498
2026-04-28T08:05:47Z,92,-1,0.0,2.9700000286102295,21.029943466186523,-1000000000.0,0.0,0.0,-1000.0,24716
2026-04-28T08:05:54Z,93,-1,0.0,2.9100000858306885,18.055992126464844,-1000000000.0,0.0,0.0,-1000.0,24943
2026-04-28T08:06:00Z,94,-1,0.0,2.309999942779541,17.393341064453125,-1000000000.0,0.0,0.0,-1000.0,25133
2026-04-28T08:06:06Z,95,-1,0.0,2.0199999809265137,2.294527292251587,-1000000000.0,0.0,0.0,-1000.0,25319
2026-04-28T08:06:14Z,96,-1,2.857142857142857,4.570000171661377,31.567424774169922,-997142857.1428572,0.0,2.857142857142857,-996.857143,25612
2026-04-28T08:06:21Z,97,-1,2.857142857142857,4.019999980926514,26.86879539489746,-997142857.1428572,0.0,2.857142857142857,-996.857143,25901
2026-04-28T08:06:28Z,98,-1,2.857142857142857,3.569999933242798,27.299089431762695,-997142857.1428572,0.0,2.857142857142857,-996.857143,26171
2026-04-28T08:06:35Z,99,-1,2.857142857142857,3.809999942779541,27.396501541137695,-997142857.1428572,0.0,2.857142857142857,-996.857143,26453
2026-04-28T08:06:44Z,100,-1,2.857142857142857,5.190000057220459,30.091506958007812,-997142857.1428572,0.0,2.857142857142857,-996.857143,26813
2026-04-28T08:06:50Z,101,-1,0.0,2.0199999809265137,3.065877914428711,-1000000000.0,0.0,0.0,-1000.0,26994
2026-04-28T08:06:57Z,102,-1,2.857142857142857,3.619999885559082,29.796817779541016,-997142857.1428572,0.0,2.857142857142857,-996.857143,27261
2026-04-28T08:07:02Z,103,-1,0.0,2.009999990463257,2.71905517578125,-1000000000.0,0.0,0.0,-1000.0,27443
2026-04-28T08:07:09Z,104,-1,2.857142857142857,3.640000104904175,27.903757095336914,-997142857.1428572,0.0,2.857142857142857,-996.857143,27713
2026-04-28T08:07:17Z,105,-1,2.857142857142857,4.690000057220459,27.712947845458984,-997142857.1428572,0.0,2.857142857142857,-996.857143,28037
2026-04-28T08:07:24Z,106,-1,2.857142857142857,3.7300000190734863,28.197961807250977,-997142857.1428572,0.0,2.857142857142857,-996.857143,28307
2026-04-28T08:07:31Z,107,-1,2.857142857142857,3.4600000381469727,24.786312103271484,-997142857.1428572,0.0,2.857142857142857,-996.857143,28565
2026-04-28T08:07:38Z,108,-1,2.857142857142857,3.0199999809265137,24.20073699951172,-997142857.1428572,0.0,2.857142857142857,-996.857143,28806
2026-04-28T08:07:44Z,109,-1,2.857142857142857,3.4000000953674316,26.960317611694336,-997142857.1428572,0.0,2.857142857142857,-996.857143,29058
2026-04-28T08:07:51Z,110,-1,2.857142857142857,3.0199999809265137,27.734540939331055,-997142857.1428572,0.0,2.857142857142857,-996.857143,29294
2026-04-28T08:07:59Z,111,-1,2.857142857142857,4.389999866485596,31.642690658569336,-997142857.1428572,0.0,2.857142857142857,-996.857143,29609
2026-04-28T08:08:06Z,112,-1,2.857142857142857,3.7799999713897705,25.794971466064453,-997142857.1428572,0.0,2.857142857142857,-996.857143,29891
2026-04-28T08:08:14Z,113,-1,2.857142857142857,4.21999979019165,32.18436050415039,-997142857.1428572,0.0,2.857142857142857,-996.857143,30180
2026-04-28T08:08:21Z,114,-1,0.0,3.440000057220459,20.422197341918945,-1000000000.0,0.0,0.0,-1000.0,30434
2026-04-28T08:08:27Z,115,-1,2.857142857142857,3.2799999713897705,23.92265510559082,-997142857.1428572,0.0,2.857142857142857,-996.857143,30690
2026-04-28T08:08:35Z,116,-1,2.857142857142857,3.9700000286102295,25.08194923400879,-997142857.1428572,0.0,2.857142857142857,-996.857143,30979
2026-04-28T08:08:42Z,117,-1,2.857142857142857,3.619999885559082,23.126121520996094,-997142857.1428572,0.0,2.857142857142857,-996.857143,31249
2026-04-28T08:08:49Z,118,-1,2.857142857142857,3.240000009536743,27.4152774810791,-997142857.1428572,0.0,2.857142857142857,-996.857143,31499
2026-04-28T08:08:55Z,119,-1,2.857142857142857,3.200000047683716,21.928247451782227,-997142857.1428572,0.0,2.857142857142857,-996.857143,31751
2026-04-28T08:09:03Z,120,-1,2.857142857142857,4.309999942779541,28.465469360351562,-997142857.1428572,0.0,2.857142857142857,-996.857143,32059
2026-04-28T08:09:10Z,121,-1,2.857142857142857,3.2899999618530273,22.865840911865234,-997142857.1428572,0.0,2.857142857142857,-996.857143,32312
2026-04-28T08:09:16Z,122,-1,0.0,3.240000009536743,19.17521858215332,-1000000000.0,0.0,0.0,-1000.0,32560
2026-04-28T08:09:23Z,123,-1,2.857142857142857,3.4100000858306885,25.996681213378906,-997142857.1428572,0.0,2.857142857142857,-996.857143,32820
2026-04-28T08:09:31Z,124,-1,2.857142857142857,3.9800000190734863,24.467256546020508,-997142857.1428572,0.0,2.857142857142857,-996.857143,33105
2026-04-28T08:09:37Z,125,-1,2.857142857142857,3.009999990463257,24.48414421081543,-997142857.1428572,0.0,2.857142857142857,-996.857143,33335
2026-04-28T08:09:47Z,126,-1,2.857142857142857,6.099999904632568,43.25550079345703,-997142857.1428572,0.0,2.857142857142857,-996.857143,33738
2026-04-28T08:09:53Z,127,-1,0.0,2.940000057220459,20.398679733276367,-1000000000.0,0.0,0.0,-1000.0,33970
2026-04-28T08:10:00Z,128,-1,2.857142857142857,3.2799999713897705,23.109987258911133,-997142857.1428572,0.0,2.857142857142857,-996.857143,34220
2026-04-28T08:10:06Z,129,-1,2.857142857142857,3.0199999809265137,21.141592025756836,-997142857.1428572,0.0,2.857142857142857,-996.857143,34455
2026-04-28T08:10:16Z,130,-1,2.857142857142857,6.579999923706055,45.88084411621094,-997142857.1428572,0.0,2.857142857142857,-996.857143,34888
2026-04-28T08:10:28Z,131,-1,5.714285714285714,8.329999923706055,68.56829833984375,-994285714.2857143,0.0,5.714285714285714,-993.714286,35420
2026-04-28T08:10:38Z,132,-1,5.714285714285714,6.210000038146973,53.403018951416016,-994285714.2857143,0.0,5.714285714285714,-993.714286,35833
2026-04-28T08:10:45Z,133,-1,2.857142857142857,3.0999999046325684,21.602994918823242,-997142857.1428572,0.0,2.857142857142857,-996.857143,36071
2026-04-28T08:10:52Z,134,-1,2.857142857142857,3.059999942779541,24.672029495239258,-997142857.1428572,0.0,2.857142857142857,-996.857143,36298
2026-04-28T08:11:01Z,135,-1,2.857142857142857,5.260000228881836,38.53147888183594,-997142857.1428572,0.0,2.857142857142857,-996.857143,36638
2026-04-28T08:11:08Z,136,-1,2.857142857142857,3.380000114440918,20.786258697509766,-997142857.1428572,0.0,2.857142857142857,-996.857143,36889
2026-04-28T08:11:14Z,137,-1,2.857142857142857,3.440000057220459,22.850242614746094,-997142857.1428572,0.0,2.857142857142857,-996.857143,37132
2026-04-28T08:11:21Z,138,-1,2.857142857142857,3.009999990463257,26.094324111938477,-997142857.1428572,0.0,2.857142857142857,-996.857143,37361
2026-04-28T08:11:29Z,139,-1,2.857142857142857,3.5299999713897705,24.185937881469727,-997142857.1428572,0.0,2.857142857142857,-996.857143,37624
2026-04-28T08:11:36Z,140,-1,2.857142857142857,3.619999885559082,23.84955406188965,-997142857.1428572,0.0,2.857142857142857,-996.857143,37885
2026-04-28T08:11:45Z,141,-1,2.857142857142857,4.199999809265137,25.06057357788086,-997142857.1428572,0.0,2.857142857142857,-996.857143,38170
2026-04-28T08:11:53Z,142,-1,2.857142857142857,4.559999942779541,25.60483741760254,-997142857.1428572,0.0,2.857142857142857,-996.857143,38377
2026-04-28T08:12:00Z,143,-1,2.857142857142857,3.009999990463257,28.589092254638672,-997142857.1428572,0.0,2.857142857142857,-996.857143,38565
2026-04-28T08:12:09Z,144,-1,2.857142857142857,5.730000019073486,40.42728042602539,-997142857.1428572,0.0,2.857142857142857,-996.857143,38927
2026-04-28T08:12:16Z,145,-1,2.857142857142857,3.4700000286102295,24.87507438659668,-997142857.1428572,0.0,2.857142857142857,-996.857143,39176
2026-04-28T08:12:28Z,146,-1,2.857142857142857,7.170000076293945,42.025726318359375,-997142857.1428572,0.0,2.857142857142857,-996.857143,39838
2026-04-28T08:12:38Z,147,-1,2.857142857142857,6.239999771118164,37.14889144897461,-997142857.1428572,0.0,2.857142857142857,-996.857143,40471
2026-04-28T08:12:45Z,148,-1,2.857142857142857,4.28000020980835,34.089866638183594,-997142857.1428572,0.0,2.857142857142857,-996.857143,40935
2026-04-28T08:12:53Z,149,-1,2.857142857142857,4.440000057220459,31.826007843017578,-997142857.1428572,0.0,2.857142857142857,-996.857143,41420
2026-04-28T08:13:02Z,150,-1,2.857142857142857,4.900000095367432,34.90434265136719,-997142857.1428572,0.0,2.857142857142857,-996.857143,41921
2026-04-28T08:13:14Z,151,-1,2.857142857142857,4.46999979019165,34.07333755493164,-997142857.1428572,0.0,2.857142857142857,-996.857143,42218
2026-04-28T08:13:21Z,152,-1,2.857142857142857,3.5,27.26803207397461,-997142857.1428572,0.0,2.857142857142857,-996.857143,42457
2026-04-28T08:13:27Z,153,-1,0.0,2.4000000953674316,18.945730209350586,-1000000000.0,0.0,0.0,-1000.0,42656
2026-04-28T08:13:37Z,154,-1,2.857142857142857,5.099999904632568,34.7376823425293,-997142857.1428572,0.0,2.857142857142857,-996.857143,42979
2026-04-28T08:13:44Z,155,-1,2.857142857142857,3.7200000286102295,27.26418113708496,-997142857.1428572,0.0,2.857142857142857,-996.857143,43248
2026-04-28T08:13:54Z,156,-1,2.857142857142857,6.789999961853027,36.8710823059082,-997142857.1428572,0.0,2.857142857142857,-996.857143,43685
2026-04-28T08:14:02Z,157,-1,2.857142857142857,4.539999961853027,30.23691177368164,-997142857.1428572,0.0,2.857142857142857,-996.857143,44012
2026-04-28T08:14:09Z,158,-1,2.857142857142857,3.4200000762939453,25.84644317626953,-997142857.1428572,0.0,2.857142857142857,-996.857143,44266
2026-04-28T08:14:17Z,159,-1,2.857142857142857,3.9000000953674316,27.06862449645996,-997142857.1428572,0.0,2.857142857142857,-996.857143,44555
2026-04-28T08:14:23Z,160,-1,2.857142857142857,3.0999999046325684,25.9715633392334,-997142857.1428572,0.0,2.857142857142857,-996.857143,44801
2026-04-28T08:14:30Z,161,-1,2.857142857142857,3.0399999618530273,25.828657150268555,-997142857.1428572,0.0,2.857142857142857,-996.857143,45042
2026-04-28T08:14:36Z,162,-1,2.857142857142857,3.009999990463257,24.030956268310547,-997142857.1428572,0.0,2.857142857142857,-996.857143,45272
2026-04-28T08:14:45Z,163,-1,2.857142857142857,5.119999885559082,44.20115661621094,-997142857.1428572,0.0,2.857142857142857,-996.857143,45627
2026-04-28T08:14:51Z,164,-1,2.857142857142857,3.559999942779541,25.305727005004883,-997142857.1428572,0.0,2.857142857142857,-996.857143,45899
2026-04-28T08:14:57Z,165,-1,0.0,2.549999952316284,18.184415817260742,-1000000000.0,0.0,0.0,-1000.0,46108
2026-04-28T08:15:05Z,166,-1,2.857142857142857,4.739999771118164,31.96622657775879,-997142857.1428572,0.0,2.857142857142857,-996.857143,46441
2026-04-28T08:15:12Z,167,-1,0.0,3.0199999809265137,20.1243896484375,-1000000000.0,0.0,0.0,-1000.0,46681
2026-04-28T08:15:20Z,168,-1,2.857142857142857,4.420000076293945,30.3676815032959,-997142857.1428572,0.0,2.857142857142857,-996.857143,46992
2026-04-28T08:15:29Z,169,-1,2.857142857142857,5.300000190734863,40.11550521850586,-997142857.1428572,0.0,2.857142857142857,-996.857143,47359
2026-04-28T08:15:37Z,170,-1,2.857142857142857,5.230000019073486,33.684120178222656,-997142857.1428572,0.0,2.857142857142857,-996.857143,47721
2026-04-28T08:15:45Z,171,-1,2.857142857142857,4.300000190734863,32.05029296875,-997142857.1428572,0.0,2.857142857142857,-996.857143,48020
2026-04-28T08:15:55Z,172,-1,2.857142857142857,7.300000190734863,50.35786056518555,-997142857.1428572,0.0,2.857142857142857,-996.857143,48479
2026-04-28T08:16:02Z,173,-1,2.857142857142857,3.8499999046325684,31.53139305114746,-997142857.1428572,0.0,2.857142857142857,-996.857143,48745
2026-04-28T08:16:10Z,174,-1,2.857142857142857,3.9600000381469727,26.08563995361328,-997142857.1428572,0.0,2.857142857142857,-996.857143,49033
2026-04-28T08:16:17Z,175,-1,2.857142857142857,4.349999904632568,29.85991668701172,-997142857.1428572,0.0,2.857142857142857,-996.857143,49336
2026-04-28T08:16:24Z,176,-1,2.857142857142857,3.319999933242798,28.70063591003418,-997142857.1428572,0.0,2.857142857142857,-996.857143,49590
2026-04-28T08:16:32Z,177,-1,2.857142857142857,4.510000228881836,31.507444381713867,-997142857.1428572,0.0,2.857142857142857,-996.857143,49909
2026-04-28T08:16:39Z,178,-1,2.857142857142857,4.070000171661377,30.850296020507812,-997142857.1428572,0.0,2.857142857142857,-996.857143,50200
2026-04-28T08:16:47Z,179,-1,2.857142857142857,4.809999942779541,30.978546142578125,-997142857.1428572,0.0,2.857142857142857,-996.857143,50539
2026-04-28T08:16:56Z,180,-1,2.857142857142857,5.599999904632568,31.636688232421875,-997142857.1428572,0.0,2.857142857142857,-996.857143,50918
2026-04-28T08:17:04Z,181,-1,2.857142857142857,4.769999980926514,34.43988800048828,-997142857.1428572,0.0,2.857142857142857,-996.857143,51243
2026-04-28T08:17:11Z,182,-1,2.857142857142857,3.880000114440918,31.513395309448242,-997142857.1428572,0.0,2.857142857142857,-996.857143,51526
2026-04-28T08:17:18Z,183,-1,2.857142857142857,4.099999904632568,35.80040740966797,-997142857.1428572,0.0,2.857142857142857,-996.857143,51823
2026-04-28T08:17:27Z,184,-1,2.857142857142857,5.679999828338623,39.58690643310547,-997142857.1428572,0.0,2.857142857142857,-996.857143,52209
2026-04-28T08:17:35Z,185,-1,2.857142857142857,4.5,33.525489807128906,-997142857.1428572,0.0,2.857142857142857,-996.857143,52520
2026-04-28T08:17:43Z,186,-1,2.857142857142857,4.070000171661377,37.580406188964844,-997142857.1428572,0.0,2.857142857142857,-996.857143,52807
2026-04-28T08:17:51Z,187,-1,2.857142857142857,4.53000020980835,32.27291488647461,-997142857.1428572,0.0,2.857142857142857,-996.857143,53125
2026-04-28T08:17:58Z,188,-1,2.857142857142857,4.199999809265137,33.38878631591797,-997142857.1428572,0.0,2.857142857142857,-996.857143,53421
2026-04-28T08:18:07Z,189,-1,2.857142857142857,5.519999980926514,40.88526916503906,-997142857.1428572,0.0,2.857142857142857,-996.857143,53800
2026-04-28T08:18:17Z,190,-1,5.714285714285714,6.800000190734863,54.32139205932617,-994285714.2857143,2.857142857142857,5.714285714285714,-993.714286,54240
2026-04-28T08:18:26Z,191,-1,2.857142857142857,5.260000228881836,41.01106262207031,-997142857.1428572,0.0,2.857142857142857,-996.857143,54600
2026-04-28T08:18:37Z,192,-1,5.714285714285714,7.300000190734863,51.773094177246094,-994285714.2857143,2.857142857142857,5.714285714285714,-993.714286,55071
2026-04-28T08:18:47Z,193,-1,5.714285714285714,7.170000076293945,53.73966979980469,-994285714.2857143,2.857142857142857,5.714285714285714,-993.714286,55534
2026-04-28T08:18:58Z,194,-1,2.857142857142857,8.079999923706055,50.639373779296875,-997142857.1428572,0.0,2.857142857142857,-996.857143,56029
2026-04-28T08:19:09Z,195,-1,2.857142857142857,7.150000095367432,52.37012481689453,-997142857.1428572,0.0,2.857142857142857,-996.857143,56604
2026-04-28T08:19:19Z,196,-1,2.857142857142857,6.389999866485596,41.27006912231445,-997142857.1428572,0.0,2.857142857142857,-996.857143,57206
2026-04-28T08:19:27Z,197,-1,2.857142857142857,5.139999866485596,30.521852493286133,-997142857.1428572,0.0,2.857142857142857,-996.857143,57651
2026-04-28T08:19:36Z,198,-1,2.857142857142857,4.440000057220459,26.558916091918945,-997142857.1428572,0.0,2.857142857142857,-996.857143,58099
2026-04-28T08:19:44Z,199,-1,2.857142857142857,3.549999952316284,22.33013153076172,-997142857.1428572,0.0,2.857142857142857,-996.857143,58522
2026-04-28T08:19:52Z,200,-1,2.857142857142857,4.619999885559082,33.76913070678711,-997142857.1428572,0.0,2.857142857142857,-996.857143,59009
2026-04-28T08:19:59Z,201,-1,0.0,3.069999933242798,19.486499786376953,-1000000000.0,0.0,0.0,-1000.0,59361
2026-04-28T08:20:05Z,202,-1,0.0,2.7799999713897705,18.8752498626709,-1000000000.0,0.0,0.0,-1000.0,59684
2026-04-28T08:20:14Z,203,-1,2.857142857142857,5.21999979019165,36.45849609375,-997142857.1428572,0.0,2.857142857142857,-996.857143,60212
2026-04-28T08:20:20Z,204,-1,0.0,2.819999933242798,18.99993896484375,-1000000000.0,0.0,0.0,-1000.0,60565
2026-04-28T08:20:28Z,205,-1,2.857142857142857,5.190000057220459,38.593536376953125,-997142857.1428572,0.0,2.857142857142857,-996.857143,61094
2026-04-28T08:20:37Z,206,-1,2.857142857142857,4.940000057220459,37.87738037109375,-997142857.1428572,0.0,2.857142857142857,-996.857143,61603
2026-04-28T08:20:45Z,207,-1,2.857142857142857,5.159999847412109,33.445735931396484,-997142857.1428572,0.0,2.857142857142857,-996.857143,62043
2026-04-28T08:20:56Z,208,-1,2.857142857142857,4.409999847412109,34.609928131103516,-997142857.1428572,0.0,2.857142857142857,-996.857143,62430
2026-04-28T08:21:04Z,209,-1,2.857142857142857,4.659999847412109,33.952545166015625,-997142857.1428572,0.0,2.857142857142857,-996.857143,62870
2026-04-28T08:21:15Z,210,-1,2.857142857142857,7.440000057220459,52.530147552490234,-997142857.1428572,0.0,2.857142857142857,-996.857143,63532
2026-04-28T08:21:23Z,211,-1,2.857142857142857,3.930000066757202,23.666736602783203,-997142857.1428572,0.0,2.857142857142857,-996.857143,63904
2026-04-28T08:21:29Z,212,-1,0.0,2.619999885559082,18.11703872680664,-1000000000.0,0.0,0.0,-1000.0,64246
2026-04-28T08:21:36Z,213,-1,2.857142857142857,3.7300000190734863,22.548450469970703,-997142857.1428572,0.0,2.857142857142857,-996.857143,64657
2026-04-28T08:21:43Z,214,-1,2.857142857142857,3.7100000381469727,24.264511108398438,-997142857.1428572,0.0,2.857142857142857,-996.857143,65031
2026-04-28T08:21:56Z,215,-1,5.714285714285714,8.670000076293945,62.03049087524414,-994285714.2857143,0.0,5.714285714285714,-993.714286,65647
2026-04-28T08:22:04Z,216,-1,2.857142857142857,3.569999933242798,23.953956604003906,-997142857.1428572,0.0,2.857142857142857,-996.857143,66042
2026-04-28T08:22:10Z,217,-1,0.0,2.5399999618530273,18.897903442382812,-1000000000.0,0.0,0.0,-1000.0,66374
2026-04-28T08:22:18Z,218,-1,2.857142857142857,3.619999885559082,23.750173568725586,-997142857.1428572,0.0,2.857142857142857,-996.857143,66794
2026-04-28T08:22:27Z,219,-1,2.857142857142857,6.139999866485596,47.799896240234375,-997142857.1428572,0.0,2.857142857142857,-996.857143,67352
2026-04-28T08:22:35Z,220,-1,2.857142857142857,3.5899999141693115,21.65110206604004,-997142857.1428572,0.0,2.857142857142857,-996.857143,67684
2026-04-28T08:22:41Z,221,-1,0.0,3.0899999141693115,19.832717895507812,-1000000000.0,0.0,0.0,-1000.0,68052
2026-04-28T08:22:47Z,222,-1,0.0,2.549999952316284,18.143835067749023,-1000000000.0,0.0,0.0,-1000.0,68381
2026-04-28T08:22:57Z,223,-1,2.857142857142857,6.610000133514404,44.3365478515625,-997142857.1428572,0.0,2.857142857142857,-996.857143,69078
2026-04-28T08:23:03Z,224,-1,0.0,2.5799999237060547,18.646238327026367,-1000000000.0,0.0,0.0,-1000.0,69435
2026-04-28T08:23:09Z,225,-1,0.0,2.5799999237060547,18.663116455078125,-1000000000.0,0.0,0.0,-1000.0,69774
2026-04-28T08:23:15Z,226,-1,0.0,2.859999895095825,18.740360260009766,-1000000000.0,0.0,0.0,-1000.0,70131
2026-04-28T08:23:22Z,227,-1,2.857142857142857,3.9200000762939453,23.751264572143555,-997142857.1428572,0.0,2.857142857142857,-996.857143,70572
2026-04-28T08:23:29Z,228,-1,0.0,3.200000047683716,19.31049156188965,-1000000000.0,0.0,0.0,-1000.0,70977
2026-04-28T08:23:37Z,229,-1,2.857142857142857,4.849999904632568,24.832191467285156,-997142857.1428572,0.0,2.857142857142857,-996.857143,71523
2026-04-28T08:23:44Z,230,-1,2.857142857142857,4.159999847412109,25.298843383789062,-997142857.1428572,0.0,2.857142857142857,-996.857143,71976
2026-04-28T08:23:51Z,231,-1,2.857142857142857,3.380000114440918,20.602523803710938,-997142857.1428572,0.0,2.857142857142857,-996.857143,72379
2026-04-28T08:23:58Z,232,-1,0.0,3.5899999141693115,18.343181610107422,-1000000000.0,0.0,0.0,-1000.0,72817
2026-04-28T08:24:06Z,233,-1,2.857142857142857,4.230000019073486,21.706989288330078,-997142857.1428572,0.0,2.857142857142857,-996.857143,73321
2026-04-28T08:24:13Z,234,-1,2.857142857142857,3.75,21.41577911376953,-997142857.1428572,0.0,2.857142857142857,-996.857143,73766
2026-04-28T08:24:20Z,235,-1,0.0,4.099999904632568,19.480648040771484,-1000000000.0,0.0,0.0,-1000.0,74260
2026-04-28T08:24:27Z,236,-1,2.857142857142857,3.880000114440918,20.316770553588867,-997142857.1428572,0.0,2.857142857142857,-996.857143,74714
2026-04-28T08:24:34Z,237,-1,2.857142857142857,3.3399999141693115,21.00016212463379,-997142857.1428572,0.0,2.857142857142857,-996.857143,75123
2026-04-28T08:24:42Z,238,-1,2.857142857142857,5.199999809265137,42.150604248046875,-997142857.1428572,0.0,2.857142857142857,-996.857143,75656
2026-04-28T08:24:48Z,239,-1,0.0,2.9000000953674316,19.40389060974121,-1000000000.0,0.0,0.0,-1000.0,75968
2026-04-28T08:24:56Z,240,-1,2.857142857142857,4.440000057220459,25.861032485961914,-997142857.1428572,0.0,2.857142857142857,-996.857143,76436
2026-04-28T08:25:04Z,241,-1,2.857142857142857,3.859999895095825,20.520835876464844,-997142857.1428572,0.0,2.857142857142857,-996.857143,76843
2026-04-28T08:25:10Z,242,-1,0.0,3.309999942779541,19.52581024169922,-1000000000.0,0.0,0.0,-1000.0,77261
2026-04-28T08:25:18Z,243,-1,2.857142857142857,4.070000171661377,20.3846492767334,-997142857.1428572,0.0,2.857142857142857,-996.857143,77737
2026-04-28T08:25:26Z,244,-1,2.857142857142857,4.900000095367432,20.2342472076416,-997142857.1428572,0.0,2.857142857142857,-996.857143,78230
2026-04-28T08:25:33Z,245,-1,2.857142857142857,4.019999980926514,22.110538482666016,-997142857.1428572,0.0,2.857142857142857,-996.857143,78691
2026-04-28T08:25:39Z,246,-1,0.0,2.9700000286102295,19.940994262695312,-1000000000.0,0.0,0.0,-1000.0,79081
2026-04-28T08:25:49Z,247,-1,5.714285714285714,6.409999847412109,54.36885070800781,-994285714.2857143,0.0,5.714285714285714,-993.714286,79449
