timestamp_utc,generation,dist_avg,dist_best_gen,dist_best_global,time_avg,time_best_gen,time_best_global,finish_rate,crash_rate,timeout_rate,best_term,best_progress,best_distance,best_time,best_fitness
2026-03-27T14:40:23Z,1,0.6293402910232544,2.7777777777777777,2.7777777777777777,60.0,60.0,60.0,0.0,1.0,0.0,-1,2.7777777777777777,146.91372680664062,5.300000190734863,-997222222.2222222
2026-03-27T14:47:25Z,2,0.78125,2.7777777777777777,2.7777777777777777,60.0,60.0,60.0,0.0,1.0,0.0,-1,2.7777777777777777,144.43153381347656,5.179999828338623,-997222222.2222222
2026-03-27T14:54:20Z,3,0.7269965410232544,2.7777777777777777,2.7777777777777777,60.0,60.0,60.0,0.0,1.0,0.0,-1,2.7777777777777777,147.45217895507812,5.400000095367432,-997222222.2222222
2026-03-27T15:01:19Z,4,0.7269965410232544,2.7777777777777777,2.7777777777777777,60.0,60.0,60.0,0.0,1.0,0.0,-1,2.7777777777777777,147.14561462402344,5.320000171661377,-997222222.2222222
2026-03-27T15:08:05Z,5,0.759548544883728,2.7777777777777777,2.7777777777777777,60.0,60.0,60.0,0.0,1.0,0.0,-1,2.7777777777777777,146.80657958984375,5.230000019073486,-997222222.2222222
2026-03-27T15:14:50Z,6,0.7378472089767456,4.166666666666666,4.166666666666666,60.0,60.0,60.0,0.0,1.0,0.0,-1,4.166666666666666,204.63128662109375,6.940000057220459,-995833333.3333334
2026-03-27T15:22:00Z,7,0.8355034589767456,2.7777777777777777,4.166666666666666,60.0,60.0,60.0,0.0,1.0,0.0,-1,2.7777777777777777,145.79701232910156,5.239999771118164,-997222222.2222222
2026-03-27T15:29:05Z,8,0.7921006679534912,2.7777777777777777,4.166666666666666,60.0,60.0,60.0,0.0,1.0,0.0,-1,2.7777777777777777,143.74942016601562,5.159999847412109,-997222222.2222222
2026-03-27T15:35:57Z,9,0.7378472089767456,2.7777777777777777,4.166666666666666,60.0,60.0,60.0,0.0,1.0,0.0,-1,2.7777777777777777,145.61459350585938,5.360000133514404,-997222222.2222222
2026-03-27T15:42:49Z,10,0.6944444179534912,2.7777777777777777,4.166666666666666,60.0,60.0,60.0,0.0,1.0,0.0,-1,2.7777777777777777,143.7119903564453,5.119999885559082,-997222222.2222222
2026-03-27T15:49:46Z,11,0.6944444179534912,2.7777777777777777,4.166666666666666,60.0,60.0,60.0,0.0,1.0,0.0,-1,2.7777777777777777,146.374267578125,5.429999828338623,-997222222.2222222
2026-03-27T15:56:47Z,12,0.7052950859069824,2.7777777777777777,4.166666666666666,60.0,60.0,60.0,0.0,1.0,0.0,-1,2.7777777777777777,147.35455322265625,5.349999904632568,-997222222.2222222
2026-03-27T16:03:43Z,13,0.7269965410232544,2.7777777777777777,4.166666666666666,60.0,60.0,60.0,0.0,1.0,0.0,-1,2.7777777777777777,142.9617919921875,5.289999961853027,-997222222.2222222
2026-03-27T16:10:36Z,14,0.7269965410232544,2.7777777777777777,4.166666666666666,60.0,60.0,60.0,0.0,1.0,0.0,-1,2.7777777777777777,145.2512664794922,5.239999771118164,-997222222.2222222
2026-03-27T16:17:31Z,15,0.759548544883728,2.7777777777777777,4.166666666666666,60.0,60.0,60.0,0.0,1.0,0.0,-1,2.7777777777777777,145.18115234375,5.400000095367432,-997222222.2222222
2026-03-27T16:24:38Z,16,0.8029513359069824,2.7777777777777777,4.166666666666666,60.0,60.0,60.0,0.0,1.0,0.0,-1,2.7777777777777777,145.37176513671875,5.190000057220459,-997222222.2222222
2026-03-27T16:31:42Z,17,0.7378472089767456,2.7777777777777777,4.166666666666666,60.0,60.0,60.0,0.0,1.0,0.0,-1,2.7777777777777777,145.925048828125,5.309999942779541,-997222222.2222222
2026-03-27T16:38:45Z,18,0.759548544883728,2.7777777777777777,4.166666666666666,60.0,60.0,60.0,0.0,1.0,0.0,-1,2.7777777777777777,144.75289916992188,5.25,-997222222.2222222
2026-03-27T16:45:47Z,19,0.7161458134651184,2.7777777777777777,4.166666666666666,60.0,60.0,60.0,0.0,1.0,0.0,-1,2.7777777777777777,144.08016967773438,5.380000114440918,-997222222.2222222
2026-03-27T16:52:45Z,20,0.7161458134651184,2.7777777777777777,4.166666666666666,60.0,60.0,60.0,0.0,1.0,0.0,-1,2.7777777777777777,143.5176544189453,5.159999847412109,-997222222.2222222
2026-03-27T16:59:52Z,21,0.7486978769302368,2.7777777777777777,4.166666666666666,60.0,60.0,60.0,0.0,1.0,0.0,-1,2.7777777777777777,145.64389038085938,5.28000020980835,-997222222.2222222
2026-03-27T17:06:56Z,22,0.7378472089767456,2.7777777777777777,4.166666666666666,60.0,60.0,60.0,0.0,1.0,0.0,-1,2.7777777777777777,143.38841247558594,5.389999866485596,-997222222.2222222
2026-03-27T17:13:54Z,23,0.6944444179534912,2.7777777777777777,4.166666666666666,60.0,60.0,60.0,0.0,1.0,0.0,-1,2.7777777777777777,144.8730010986328,5.309999942779541,-997222222.2222222
2026-03-27T17:21:09Z,24,0.8463541269302368,2.7777777777777777,4.166666666666666,60.0,60.0,60.0,0.0,1.0,0.0,-1,2.7777777777777777,144.42764282226562,5.25,-997222222.2222222
2026-03-27T17:28:01Z,25,0.7052950859069824,2.7777777777777777,4.166666666666666,60.0,60.0,60.0,0.0,1.0,0.0,-1,2.7777777777777777,145.0241241455078,5.309999942779541,-997222222.2222222
2026-03-27T17:35:07Z,26,0.7921006679534912,2.7777777777777777,4.166666666666666,60.0,60.0,60.0,0.0,1.0,0.0,-1,2.7777777777777777,145.05149841308594,5.269999980926514,-997222222.2222222
2026-03-27T17:42:10Z,27,0.7595486044883728,2.7777777777777777,4.166666666666666,60.0,60.0,60.0,0.0,1.0,0.0,-1,2.7777777777777777,142.97885131835938,5.139999866485596,-997222222.2222222
2026-03-27T17:49:01Z,28,0.7378472089767456,2.7777777777777777,4.166666666666666,60.0,60.0,60.0,0.0,1.0,0.0,-1,2.7777777777777777,144.17608642578125,5.03000020980835,-997222222.2222222
2026-03-27T17:55:54Z,29,0.68359375,2.7777777777777777,4.166666666666666,60.0,60.0,60.0,0.0,1.0,0.0,-1,2.7777777777777777,143.49644470214844,5.320000171661377,-997222222.2222222
2026-03-27T18:03:04Z,30,0.759548544883728,2.7777777777777777,4.166666666666666,60.0,60.0,60.0,0.0,1.0,0.0,-1,2.7777777777777777,143.88922119140625,5.260000228881836,-997222222.2222222
2026-03-27T18:10:01Z,31,0.7269965410232544,2.7777777777777777,4.166666666666666,60.0,60.0,60.0,0.0,1.0,0.0,-1,2.7777777777777777,146.0617218017578,5.440000057220459,-997222222.2222222
2026-03-27T18:16:56Z,32,0.78125,2.7777777777777777,4.166666666666666,60.0,60.0,60.0,0.0,1.0,0.0,-1,2.7777777777777777,145.62928771972656,5.289999961853027,-997222222.2222222
2026-03-27T18:23:57Z,33,0.7486978769302368,2.7777777777777777,4.166666666666666,60.0,60.0,60.0,0.0,1.0,0.0,-1,2.7777777777777777,147.0198516845703,5.289999961853027,-997222222.2222222
2026-03-27T18:30:59Z,34,0.759548544883728,2.7777777777777777,4.166666666666666,60.0,60.0,60.0,0.0,1.0,0.0,-1,2.7777777777777777,143.97076416015625,5.190000057220459,-997222222.2222222
2026-03-27T18:37:59Z,35,0.7595486044883728,2.7777777777777777,4.166666666666666,60.0,60.0,60.0,0.0,1.0,0.0,-1,2.7777777777777777,145.40399169921875,5.269999980926514,-997222222.2222222
2026-03-27T18:44:56Z,36,0.8029513359069824,2.7777777777777777,4.166666666666666,60.0,60.0,60.0,0.0,1.0,0.0,-1,2.7777777777777777,144.30587768554688,5.170000076293945,-997222222.2222222
2026-03-27T18:51:52Z,37,0.7595486044883728,2.7777777777777777,4.166666666666666,60.0,60.0,60.0,0.0,1.0,0.0,-1,2.7777777777777777,145.58055114746094,5.210000038146973,-997222222.2222222
2026-03-27T18:58:49Z,38,0.7486978769302368,2.7777777777777777,4.166666666666666,60.0,60.0,60.0,0.0,1.0,0.0,-1,2.7777777777777777,145.29653930664062,5.420000076293945,-997222222.2222222
2026-03-27T19:05:49Z,39,0.8029513955116272,2.7777777777777777,4.166666666666666,60.0,60.0,60.0,0.0,1.0,0.0,-1,2.7777777777777777,145.57522583007812,5.21999979019165,-997222222.2222222
2026-03-27T19:12:44Z,40,0.7378472089767456,2.7777777777777777,4.166666666666666,60.0,60.0,60.0,0.0,1.0,0.0,-1,2.7777777777777777,145.04458618164062,5.21999979019165,-997222222.2222222
2026-03-27T19:19:55Z,41,0.8138020634651184,2.7777777777777777,4.166666666666666,60.0,60.0,60.0,0.0,1.0,0.0,-1,2.7777777777777777,146.09945678710938,5.269999980926514,-997222222.2222222
2026-03-27T19:27:02Z,42,0.7595486044883728,2.7777777777777777,4.166666666666666,60.0,60.0,60.0,0.0,1.0,0.0,-1,2.7777777777777777,145.2413330078125,5.210000038146973,-997222222.2222222
2026-03-27T19:34:13Z,43,0.770399272441864,2.7777777777777777,4.166666666666666,60.0,60.0,60.0,0.0,1.0,0.0,-1,2.7777777777777777,144.97311401367188,5.349999904632568,-997222222.2222222
2026-03-27T19:41:16Z,44,0.8463541269302368,2.7777777777777777,4.166666666666666,60.0,60.0,60.0,0.0,1.0,0.0,-1,2.7777777777777777,144.0052032470703,5.210000038146973,-997222222.2222222
2026-03-27T19:48:18Z,45,0.7378472089767456,2.7777777777777777,4.166666666666666,60.0,60.0,60.0,0.0,1.0,0.0,-1,2.7777777777777777,144.2335662841797,5.230000019073486,-997222222.2222222
2026-03-27T19:55:16Z,46,0.8789061903953552,3.4722222222222223,4.166666666666666,60.0,60.0,60.0,0.0,1.0,0.0,-1,3.4722222222222223,186.60511779785156,6.210000038146973,-996527777.7777778
2026-03-27T20:02:14Z,47,0.8029513955116272,4.166666666666666,4.166666666666666,60.0,60.0,60.0,0.0,1.0,0.0,-1,4.166666666666666,204.82823181152344,7.389999866485596,-995833333.3333334
2026-03-27T20:09:06Z,48,0.87890625,4.166666666666666,4.166666666666666,60.0,60.0,60.0,0.0,1.0,0.0,-1,4.166666666666666,197.48040771484375,7.570000171661377,-995833333.3333334
2026-03-27T20:15:59Z,49,0.8463541269302368,4.166666666666666,4.166666666666666,60.0,60.0,60.0,0.0,1.0,0.0,-1,4.166666666666666,219.47857666015625,7.920000076293945,-995833333.3333334
2026-03-27T20:22:46Z,50,0.8138020634651184,2.7777777777777777,4.166666666666666,60.0,60.0,60.0,0.0,1.0,0.0,-1,2.7777777777777777,142.26483154296875,5.099999904632568,-997222222.2222222
2026-03-27T20:29:36Z,51,0.7595486044883728,2.7777777777777777,4.166666666666666,60.0,60.0,60.0,0.0,1.0,0.0,-1,2.7777777777777777,147.86305236816406,5.260000228881836,-997222222.2222222
2026-03-27T20:36:36Z,52,0.7921006679534912,2.7777777777777777,4.166666666666666,60.0,60.0,60.0,0.0,1.0,0.0,-1,2.7777777777777777,145.746337890625,5.619999885559082,-997222222.2222222
2026-03-27T20:43:33Z,53,0.78125,2.7777777777777777,4.166666666666666,60.0,60.0,60.0,0.0,1.0,0.0,-1,2.7777777777777777,146.77130126953125,5.269999980926514,-997222222.2222222
2026-03-27T20:50:41Z,54,0.8572048544883728,2.7777777777777777,4.166666666666666,60.0,60.0,60.0,0.0,1.0,0.0,-1,2.7777777777777777,139.38296508789062,5.130000114440918,-997222222.2222222
2026-03-27T20:57:39Z,55,0.7595486044883728,2.7777777777777777,4.166666666666666,60.0,60.0,60.0,0.0,1.0,0.0,-1,2.7777777777777777,145.07498168945312,5.059999942779541,-997222222.2222222
2026-03-27T21:04:44Z,56,0.7921006679534912,2.7777777777777777,4.166666666666666,60.0,60.0,60.0,0.0,1.0,0.0,-1,2.7777777777777777,145.548095703125,5.46999979019165,-997222222.2222222
2026-03-27T21:11:45Z,57,0.9114583730697632,2.7777777777777777,4.166666666666666,60.0,60.0,60.0,0.0,1.0,0.0,-1,2.7777777777777777,144.38095092773438,5.329999923706055,-997222222.2222222
2026-03-27T21:18:48Z,58,0.8572049140930176,2.7777777777777777,4.166666666666666,60.0,60.0,60.0,0.0,1.0,0.0,-1,2.7777777777777777,145.5804443359375,5.269999980926514,-997222222.2222222
2026-03-27T21:25:37Z,59,0.8246527910232544,2.7777777777777777,4.166666666666666,60.0,60.0,60.0,0.0,1.0,0.0,-1,2.7777777777777777,142.7167205810547,5.289999961853027,-997222222.2222222
2026-03-27T21:32:36Z,60,0.8463541269302368,2.7777777777777777,4.166666666666666,60.0,60.0,60.0,0.0,1.0,0.0,-1,2.7777777777777777,147.21031188964844,5.340000152587891,-997222222.2222222
2026-03-27T21:39:27Z,61,0.7921006679534912,2.7777777777777777,4.166666666666666,60.0,60.0,60.0,0.0,1.0,0.0,-1,2.7777777777777777,145.73765563964844,5.260000228881836,-997222222.2222222
2026-03-27T21:46:34Z,62,0.8246527910232544,2.7777777777777777,4.166666666666666,60.0,60.0,60.0,0.0,1.0,0.0,-1,2.7777777777777777,146.2684326171875,5.25,-997222222.2222222
2026-03-27T21:53:31Z,63,0.8463541865348816,2.7777777777777777,4.166666666666666,60.0,60.0,60.0,0.0,1.0,0.0,-1,2.7777777777777777,148.5369110107422,5.409999847412109,-997222222.2222222
2026-03-27T22:00:26Z,64,0.8355034589767456,2.7777777777777777,4.166666666666666,60.0,60.0,60.0,0.0,1.0,0.0,-1,2.7777777777777777,144.8861083984375,5.21999979019165,-997222222.2222222
2026-03-27T22:07:31Z,65,0.8572048544883728,2.7777777777777777,4.166666666666666,60.0,60.0,60.0,0.0,1.0,0.0,-1,2.7777777777777777,145.61158752441406,5.449999809265137,-997222222.2222222
2026-03-27T22:14:21Z,66,0.8572049140930176,2.7777777777777777,4.166666666666666,60.0,60.0,60.0,0.0,1.0,0.0,-1,2.7777777777777777,143.29696655273438,5.170000076293945,-997222222.2222222
2026-03-27T22:21:18Z,67,0.8463541865348816,2.7777777777777777,4.166666666666666,60.0,60.0,60.0,0.0,1.0,0.0,-1,2.7777777777777777,142.3677215576172,5.110000133514404,-997222222.2222222
2026-03-27T22:28:12Z,68,0.8463541269302368,2.7777777777777777,4.166666666666666,60.0,60.0,60.0,0.0,1.0,0.0,-1,2.7777777777777777,146.37193298339844,5.329999923706055,-997222222.2222222
2026-03-27T22:35:10Z,69,0.8897569179534912,2.7777777777777777,4.166666666666666,60.0,60.0,60.0,0.0,1.0,0.0,-1,2.7777777777777777,145.2162628173828,5.210000038146973,-997222222.2222222
2026-03-27T22:42:05Z,70,0.8138020634651184,3.4722222222222223,4.166666666666666,60.0,60.0,60.0,0.0,1.0,0.0,-1,3.4722222222222223,188.15658569335938,8.229999542236328,-996527777.7777778
2026-03-27T22:49:08Z,71,0.8572048544883728,2.7777777777777777,4.166666666666666,60.0,60.0,60.0,0.0,1.0,0.0,-1,2.7777777777777777,122.29232788085938,7.190000057220459,-997222222.2222222
2026-03-27T22:56:14Z,72,0.9006076455116272,2.7777777777777777,4.166666666666666,60.0,60.0,60.0,0.0,1.0,0.0,-1,2.7777777777777777,127.07513427734375,7.230000019073486,-997222222.2222222
2026-03-27T23:03:15Z,73,0.8572049140930176,2.7777777777777777,4.166666666666666,60.0,60.0,60.0,0.0,1.0,0.0,-1,2.7777777777777777,123.70745849609375,7.150000095367432,-997222222.2222222
2026-03-27T23:10:11Z,74,0.8029513955116272,2.7777777777777777,4.166666666666666,60.0,60.0,60.0,0.0,1.0,0.0,-1,2.7777777777777777,127.46949005126953,6.980000019073486,-997222222.2222222
2026-03-27T23:17:22Z,75,0.8897569179534912,3.4722222222222223,4.166666666666666,60.0,60.0,60.0,0.0,1.0,0.0,-1,3.4722222222222223,178.7844696044922,24.100000381469727,-996527777.7777778
2026-03-27T23:24:49Z,76,0.9114583730697632,3.4722222222222223,4.166666666666666,60.0,60.0,60.0,0.0,1.0,0.0,-1,3.4722222222222223,180.64590454101562,25.020000457763672,-996527777.7777778
2026-03-27T23:32:22Z,77,0.9006076455116272,2.7777777777777777,4.166666666666666,60.0,60.0,60.0,0.0,1.0,0.0,-1,2.7777777777777777,156.00428771972656,22.59000015258789,-997222222.2222222
2026-03-27T23:39:28Z,78,0.7486978769302368,3.4722222222222223,4.166666666666666,60.0,60.0,60.0,0.0,1.0,0.0,-1,3.4722222222222223,178.1420135498047,24.709999084472656,-996527777.7777778
2026-03-27T23:46:45Z,79,0.8246527910232544,3.4722222222222223,4.166666666666666,60.0,60.0,60.0,0.0,1.0,0.0,-1,3.4722222222222223,176.61219787597656,5.96999979019165,-996527777.7777778
2026-03-27T23:53:36Z,80,0.8029513955116272,3.4722222222222223,4.166666666666666,60.0,60.0,60.0,0.0,1.0,0.0,-1,3.4722222222222223,175.9252471923828,6.179999828338623,-996527777.7777778
2026-03-28T00:00:39Z,81,0.9114583134651184,3.4722222222222223,4.166666666666666,60.0,60.0,60.0,0.0,1.0,0.0,-1,3.4722222222222223,172.3120574951172,5.860000133514404,-996527777.7777778
2026-03-28T00:07:47Z,82,0.8355034589767456,3.4722222222222223,4.166666666666666,60.0,60.0,60.0,0.0,1.0,0.0,-1,3.4722222222222223,173.49180603027344,5.849999904632568,-996527777.7777778
2026-03-28T00:14:39Z,83,0.7921006679534912,3.4722222222222223,4.166666666666666,60.0,60.0,60.0,0.0,1.0,0.0,-1,3.4722222222222223,178.9656524658203,6.090000152587891,-996527777.7777778
2026-03-28T00:21:37Z,84,0.8572048544883728,3.4722222222222223,4.166666666666666,60.0,60.0,60.0,0.0,1.0,0.0,-1,3.4722222222222223,178.82603454589844,6.239999771118164,-996527777.7777778
2026-03-28T00:28:32Z,85,0.8680555820465088,3.4722222222222223,4.166666666666666,60.0,60.0,60.0,0.0,1.0,0.0,-1,3.4722222222222223,175.67626953125,5.960000038146973,-996527777.7777778
2026-03-28T00:35:23Z,86,0.7921006679534912,3.4722222222222223,4.166666666666666,60.0,60.0,60.0,0.0,1.0,0.0,-1,3.4722222222222223,177.42527770996094,6.190000057220459,-996527777.7777778
2026-03-28T00:42:27Z,87,0.87890625,3.4722222222222223,4.166666666666666,60.0,60.0,60.0,0.0,1.0,0.0,-1,3.4722222222222223,175.259521484375,6.130000114440918,-996527777.7777778
2026-03-28T00:49:28Z,88,0.9331597089767456,3.4722222222222223,4.166666666666666,60.0,60.0,60.0,0.0,1.0,0.0,-1,3.4722222222222223,178.62069702148438,6.260000228881836,-996527777.7777778
2026-03-28T00:56:15Z,89,0.8355034589767456,3.4722222222222223,4.166666666666666,60.0,60.0,60.0,0.0,1.0,0.0,-1,3.4722222222222223,178.88560485839844,6.210000038146973,-996527777.7777778
2026-03-28T01:03:19Z,90,0.9331597089767456,5.555555555555555,5.555555555555555,60.0,60.0,60.0,0.0,1.0,0.0,-1,5.555555555555555,265.5374450683594,12.420000076293945,-994444444.4444444
2026-03-28T01:10:10Z,91,0.9114583134651184,3.4722222222222223,5.555555555555555,60.0,60.0,60.0,0.0,1.0,0.0,-1,3.4722222222222223,168.36941528320312,5.670000076293945,-996527777.7777778
2026-03-28T01:16:57Z,92,0.8572048544883728,6.944444444444445,6.944444444444445,60.0,60.0,60.0,0.0,1.0,0.0,-1,6.944444444444445,319.20465087890625,10.109999656677246,-993055555.5555556
2026-03-28T01:23:36Z,93,0.8355034589767456,3.4722222222222223,6.944444444444445,60.0,60.0,60.0,0.0,1.0,0.0,-1,3.4722222222222223,171.44833374023438,5.860000133514404,-996527777.7777778
2026-03-28T01:30:27Z,94,0.900607705116272,3.4722222222222223,6.944444444444445,60.0,60.0,60.0,0.0,1.0,0.0,-1,3.4722222222222223,183.52455139160156,6.809999942779541,-996527777.7777778
2026-03-28T01:37:05Z,95,0.8463541865348816,3.4722222222222223,6.944444444444445,60.0,60.0,60.0,0.0,1.0,0.0,-1,3.4722222222222223,175.11224365234375,6.170000076293945,-996527777.7777778
2026-03-28T01:43:49Z,96,0.8138021230697632,3.4722222222222223,6.944444444444445,60.0,60.0,60.0,0.0,1.0,0.0,-1,3.4722222222222223,157.33837890625,8.529999732971191,-996527777.7777778
2026-03-28T01:50:40Z,97,0.9006076455116272,4.166666666666666,6.944444444444445,60.0,60.0,60.0,0.0,1.0,0.0,-1,4.166666666666666,198.38702392578125,7.690000057220459,-995833333.3333334
2026-03-28T01:57:33Z,98,0.889756977558136,3.4722222222222223,6.944444444444445,60.0,60.0,60.0,0.0,1.0,0.0,-1,3.4722222222222223,181.90419006347656,6.610000133514404,-996527777.7777778
2026-03-28T02:04:26Z,99,0.8897569179534912,3.4722222222222223,6.944444444444445,60.0,60.0,60.0,0.0,1.0,0.0,-1,3.4722222222222223,174.63343811035156,6.260000228881836,-996527777.7777778
2026-03-28T02:11:01Z,100,0.7921006679534912,3.4722222222222223,6.944444444444445,60.0,60.0,60.0,0.0,1.0,0.0,-1,3.4722222222222223,177.0839080810547,6.25,-996527777.7777778
2026-03-28T02:17:52Z,101,0.8463541865348816,3.4722222222222223,6.944444444444445,60.0,60.0,60.0,0.0,1.0,0.0,-1,3.4722222222222223,181.23178100585938,6.570000171661377,-996527777.7777778
2026-03-28T02:24:52Z,102,0.9114583730697632,3.4722222222222223,6.944444444444445,60.0,60.0,60.0,0.0,1.0,0.0,-1,3.4722222222222223,186.44630432128906,7.159999847412109,-996527777.7777778
2026-03-28T02:31:32Z,103,0.8680555820465088,3.4722222222222223,6.944444444444445,60.0,60.0,60.0,0.0,1.0,0.0,-1,3.4722222222222223,177.64710998535156,6.369999885559082,-996527777.7777778
2026-03-28T02:38:11Z,104,0.8355034589767456,3.4722222222222223,6.944444444444445,60.0,60.0,60.0,0.0,1.0,0.0,-1,3.4722222222222223,185.48373413085938,6.260000228881836,-996527777.7777778
2026-03-28T02:45:14Z,105,1.0199652910232544,3.4722222222222223,6.944444444444445,60.0,60.0,60.0,0.0,1.0,0.0,-1,3.4722222222222223,175.08154296875,6.190000057220459,-996527777.7777778
2026-03-28T02:52:15Z,106,0.998263955116272,3.4722222222222223,6.944444444444445,60.0,60.0,60.0,0.0,1.0,0.0,-1,3.4722222222222223,172.66787719726562,6.289999961853027,-996527777.7777778
2026-03-28T02:59:03Z,107,0.78125,3.4722222222222223,6.944444444444445,60.0,60.0,60.0,0.0,1.0,0.0,-1,3.4722222222222223,178.84449768066406,6.199999809265137,-996527777.7777778
2026-03-28T03:05:41Z,108,0.8246527910232544,3.4722222222222223,6.944444444444445,60.0,60.0,60.0,0.0,1.0,0.0,-1,3.4722222222222223,179.26698303222656,6.179999828338623,-996527777.7777778
2026-03-28T03:12:18Z,109,0.7921006679534912,3.4722222222222223,6.944444444444445,60.0,60.0,60.0,0.0,1.0,0.0,-1,3.4722222222222223,176.4104461669922,5.980000019073486,-996527777.7777778
2026-03-28T03:18:59Z,110,0.7921006679534912,3.4722222222222223,6.944444444444445,60.0,60.0,60.0,0.0,1.0,0.0,-1,3.4722222222222223,185.01744079589844,6.679999828338623,-996527777.7777778
2026-03-28T03:25:44Z,111,0.8897569179534912,3.4722222222222223,6.944444444444445,60.0,60.0,60.0,0.0,1.0,0.0,-1,3.4722222222222223,181.36068725585938,6.5,-996527777.7777778
2026-03-28T03:32:29Z,112,0.9114583730697632,4.166666666666666,6.944444444444445,60.0,60.0,60.0,0.0,1.0,0.0,-1,4.166666666666666,190.73745727539062,7.159999847412109,-995833333.3333334
2026-03-28T03:39:17Z,113,0.8572048544883728,3.4722222222222223,6.944444444444445,60.0,60.0,60.0,0.0,1.0,0.0,-1,3.4722222222222223,186.7050018310547,6.949999809265137,-996527777.7777778
2026-03-28T03:46:13Z,114,0.9440104365348816,3.4722222222222223,6.944444444444445,60.0,60.0,60.0,0.0,1.0,0.0,-1,3.4722222222222223,182.0980224609375,6.670000076293945,-996527777.7777778
2026-03-28T03:53:03Z,115,0.8246527910232544,3.4722222222222223,6.944444444444445,60.0,60.0,60.0,0.0,1.0,0.0,-1,3.4722222222222223,180.3230438232422,6.269999980926514,-996527777.7777778
2026-03-28T03:59:49Z,116,0.8246527910232544,3.4722222222222223,6.944444444444445,60.0,60.0,60.0,0.0,1.0,0.0,-1,3.4722222222222223,184.03176879882812,6.519999980926514,-996527777.7777778
2026-03-28T04:06:31Z,117,0.8138021230697632,3.4722222222222223,6.944444444444445,60.0,60.0,60.0,0.0,1.0,0.0,-1,3.4722222222222223,183.84573364257812,6.550000190734863,-996527777.7777778
2026-03-28T04:13:36Z,118,0.9548611044883728,3.4722222222222223,6.944444444444445,60.0,60.0,60.0,0.0,1.0,0.0,-1,3.4722222222222223,183.94174194335938,6.420000076293945,-996527777.7777778
2026-03-28T04:20:31Z,119,0.965711772441864,3.4722222222222223,6.944444444444445,60.0,60.0,60.0,0.0,1.0,0.0,-1,3.4722222222222223,185.19857788085938,6.900000095367432,-996527777.7777778
2026-03-28T04:27:31Z,120,0.9765624403953552,3.4722222222222223,6.944444444444445,60.0,60.0,60.0,0.0,1.0,0.0,-1,3.4722222222222223,178.932861328125,6.360000133514404,-996527777.7777778
2026-03-28T04:34:21Z,121,0.9657118320465088,3.4722222222222223,6.944444444444445,60.0,60.0,60.0,0.0,1.0,0.0,-1,3.4722222222222223,177.9251251220703,6.639999866485596,-996527777.7777778
2026-03-28T04:41:17Z,122,0.9657118320465088,4.166666666666666,6.944444444444445,60.0,60.0,60.0,0.0,1.0,0.0,-1,4.166666666666666,200.21998596191406,9.550000190734863,-995833333.3333334
2026-03-28T04:48:07Z,123,0.8138021230697632,3.4722222222222223,6.944444444444445,60.0,60.0,60.0,0.0,1.0,0.0,-1,3.4722222222222223,151.5401153564453,9.350000381469727,-996527777.7777778
2026-03-28T04:55:00Z,124,0.8897569179534912,3.4722222222222223,6.944444444444445,60.0,60.0,60.0,0.0,1.0,0.0,-1,3.4722222222222223,162.39047241210938,8.529999732971191,-996527777.7777778
2026-03-28T05:01:47Z,125,0.8897569179534912,4.166666666666666,6.944444444444445,60.0,60.0,60.0,0.0,1.0,0.0,-1,4.166666666666666,193.03009033203125,7.380000114440918,-995833333.3333334
2026-03-28T05:08:56Z,126,1.1067708730697632,3.4722222222222223,6.944444444444445,60.0,60.0,60.0,0.0,1.0,0.0,-1,3.4722222222222223,177.92630004882812,6.28000020980835,-996527777.7777778
2026-03-28T05:16:03Z,127,0.9765625,6.25,6.944444444444445,60.0,60.0,60.0,0.0,1.0,0.0,-1,6.25,312.6844787597656,10.09000015258789,-993750000.0
2026-03-28T05:23:28Z,128,1.0525174140930176,3.4722222222222223,6.944444444444445,60.0,60.0,60.0,0.0,1.0,0.0,-1,3.4722222222222223,186.37442016601562,7.03000020980835,-996527777.7777778
2026-03-28T05:30:22Z,129,0.9331597089767456,3.4722222222222223,6.944444444444445,60.0,60.0,60.0,0.0,1.0,0.0,-1,3.4722222222222223,170.5869140625,6.119999885559082,-996527777.7777778
2026-03-28T05:37:08Z,130,0.8463541865348816,3.4722222222222223,6.944444444444445,60.0,60.0,60.0,0.0,1.0,0.0,-1,3.4722222222222223,175.6383514404297,6.579999923706055,-996527777.7777778
2026-03-28T05:43:46Z,131,0.8572049140930176,3.4722222222222223,6.944444444444445,60.0,60.0,60.0,0.0,1.0,0.0,-1,3.4722222222222223,176.71173095703125,6.199999809265137,-996527777.7777778
2026-03-28T05:50:20Z,132,0.8029513955116272,3.4722222222222223,6.944444444444445,60.0,60.0,60.0,0.0,1.0,0.0,-1,3.4722222222222223,180.8177490234375,6.570000171661377,-996527777.7777778
2026-03-28T05:57:22Z,133,1.0308159589767456,3.4722222222222223,6.944444444444445,60.0,60.0,60.0,0.0,1.0,0.0,-1,3.4722222222222223,180.72817993164062,6.449999809265137,-996527777.7777778
2026-03-28T06:04:21Z,134,0.9114583730697632,3.4722222222222223,6.944444444444445,60.0,60.0,60.0,0.0,1.0,0.0,-1,3.4722222222222223,176.0799102783203,6.300000190734863,-996527777.7777778
2026-03-28T06:11:15Z,135,0.9440104365348816,6.25,6.944444444444445,60.0,60.0,60.0,0.0,1.0,0.0,-1,6.25,317.8470764160156,8.449999809265137,-993750000.0
2026-03-28T06:18:14Z,136,1.07421875,5.555555555555555,6.944444444444445,60.0,60.0,60.0,0.0,1.0,0.0,-1,5.555555555555555,294.7922058105469,7.96999979019165,-994444444.4444444
2026-03-28T06:25:05Z,137,0.9657118320465088,6.25,6.944444444444445,60.0,60.0,60.0,0.0,1.0,0.0,-1,6.25,323.132080078125,8.640000343322754,-993750000.0
2026-03-28T06:32:02Z,138,0.9006076455116272,4.166666666666666,6.944444444444445,60.0,60.0,60.0,0.0,1.0,0.0,-1,4.166666666666666,189.28582763671875,7.110000133514404,-995833333.3333334
2026-03-28T06:39:00Z,139,0.9440103769302368,6.25,6.944444444444445,60.0,60.0,60.0,0.0,1.0,0.0,-1,6.25,318.5934143066406,8.5,-993750000.0
2026-03-28T06:46:09Z,140,0.9982638955116272,4.861111111111112,6.944444444444445,60.0,60.0,60.0,0.0,1.0,0.0,-1,4.861111111111112,254.2240753173828,7.760000228881836,-995138888.8888888
2026-03-28T06:53:13Z,141,1.0308160781860352,5.555555555555555,6.944444444444445,60.0,60.0,60.0,0.0,1.0,0.0,-1,5.555555555555555,283.0856628417969,7.75,-994444444.4444444
2026-03-28T07:00:22Z,142,1.0199652910232544,6.25,6.944444444444445,60.0,60.0,60.0,0.0,1.0,0.0,-1,6.25,325.349853515625,8.449999809265137,-993750000.0
2026-03-28T07:07:36Z,143,1.0416666269302368,4.861111111111112,6.944444444444445,60.0,60.0,60.0,0.0,1.0,0.0,-1,4.861111111111112,261.677001953125,7.550000190734863,-995138888.8888888
2026-03-28T07:14:30Z,144,0.9223090410232544,4.861111111111112,6.944444444444445,60.0,60.0,60.0,0.0,1.0,0.0,-1,4.861111111111112,248.48104858398438,7.739999771118164,-995138888.8888888
2026-03-28T07:21:29Z,145,0.9874131679534912,5.555555555555555,6.944444444444445,60.0,60.0,60.0,0.0,1.0,0.0,-1,5.555555555555555,288.5306701660156,8.029999732971191,-994444444.4444444
2026-03-28T07:28:18Z,146,0.9657118320465088,3.4722222222222223,6.944444444444445,60.0,60.0,60.0,0.0,1.0,0.0,-1,3.4722222222222223,179.0595245361328,6.170000076293945,-996527777.7777778
2026-03-28T07:35:13Z,147,0.9440103769302368,4.861111111111112,6.944444444444445,60.0,60.0,60.0,0.0,1.0,0.0,-1,4.861111111111112,259.031494140625,7.559999942779541,-995138888.8888888
2026-03-28T07:42:11Z,148,0.9982638359069824,4.861111111111112,6.944444444444445,60.0,60.0,60.0,0.0,1.0,0.0,-1,4.861111111111112,252.01885986328125,7.480000019073486,-995138888.8888888
2026-03-28T07:48:51Z,149,0.8897569179534912,3.4722222222222223,6.944444444444445,60.0,60.0,60.0,0.0,1.0,0.0,-1,3.4722222222222223,178.7967987060547,6.170000076293945,-996527777.7777778
2026-03-28T07:55:34Z,150,0.987413227558136,5.555555555555555,6.944444444444445,60.0,60.0,60.0,0.0,1.0,0.0,-1,5.555555555555555,277.1795349121094,7.880000114440918,-994444444.4444444
2026-03-28T08:02:21Z,151,0.8897569179534912,4.166666666666666,6.944444444444445,60.0,60.0,60.0,0.0,1.0,0.0,-1,4.166666666666666,190.9746551513672,6.869999885559082,-995833333.3333334
2026-03-28T08:09:39Z,152,1.0525174140930176,3.4722222222222223,6.944444444444445,60.0,60.0,60.0,0.0,1.0,0.0,-1,3.4722222222222223,189.5046844482422,6.880000114440918,-996527777.7777778
2026-03-28T08:16:27Z,153,0.9657118320465088,3.4722222222222223,6.944444444444445,60.0,60.0,60.0,0.0,1.0,0.0,-1,3.4722222222222223,184.2606658935547,6.829999923706055,-996527777.7777778
2026-03-28T08:23:29Z,154,0.9765625,3.4722222222222223,6.944444444444445,60.0,60.0,60.0,0.0,1.0,0.0,-1,3.4722222222222223,180.80870056152344,6.590000152587891,-996527777.7777778
2026-03-28T08:30:11Z,155,0.9548611044883728,4.861111111111112,6.944444444444445,60.0,60.0,60.0,0.0,1.0,0.0,-1,4.861111111111112,240.69859313964844,7.329999923706055,-995138888.8888888
2026-03-28T08:36:53Z,156,0.9223090410232544,4.861111111111112,6.944444444444445,60.0,60.0,60.0,0.0,1.0,0.0,-1,4.861111111111112,248.13150024414062,7.28000020980835,-995138888.8888888
2026-03-28T08:43:36Z,157,0.8897569179534912,4.166666666666666,6.944444444444445,60.0,60.0,60.0,0.0,1.0,0.0,-1,4.166666666666666,192.71910095214844,7.090000152587891,-995833333.3333334
2026-03-28T08:50:37Z,158,1.0308159589767456,3.4722222222222223,6.944444444444445,60.0,60.0,60.0,0.0,1.0,0.0,-1,3.4722222222222223,183.0739288330078,6.739999771118164,-996527777.7777778
2026-03-28T08:57:43Z,159,0.998263955116272,3.4722222222222223,6.944444444444445,60.0,60.0,60.0,0.0,1.0,0.0,-1,3.4722222222222223,180.18057250976562,6.21999979019165,-996527777.7777778
2026-03-28T09:05:05Z,160,1.0199652910232544,6.25,6.944444444444445,60.0,60.0,60.0,0.0,1.0,0.0,-1,6.25,325.1248474121094,8.350000381469727,-993750000.0
2026-03-28T09:12:09Z,161,0.9440104961395264,3.4722222222222223,6.944444444444445,60.0,60.0,60.0,0.0,1.0,0.0,-1,3.4722222222222223,187.25616455078125,6.559999942779541,-996527777.7777778
2026-03-28T09:19:00Z,162,0.9223090410232544,5.555555555555555,6.944444444444445,60.0,60.0,60.0,0.0,1.0,0.0,-1,5.555555555555555,253.72242736816406,7.650000095367432,-994444444.4444444
2026-03-28T09:26:12Z,163,1.0850694179534912,5.555555555555555,6.944444444444445,60.0,60.0,60.0,0.0,1.0,0.0,-1,5.555555555555555,274.5474548339844,7.409999847412109,-994444444.4444444
2026-03-28T09:32:58Z,164,0.9874131679534912,6.25,6.944444444444445,60.0,60.0,60.0,0.0,1.0,0.0,-1,6.25,310.0290222167969,8.319999694824219,-993750000.0
2026-03-28T09:39:53Z,165,1.0416667461395264,4.861111111111112,6.944444444444445,60.0,60.0,60.0,0.0,1.0,0.0,-1,4.861111111111112,259.55194091796875,7.710000038146973,-995138888.8888888
2026-03-28T09:46:27Z,166,0.9440103769302368,4.166666666666666,6.944444444444445,60.0,60.0,60.0,0.0,1.0,0.0,-1,4.166666666666666,202.61398315429688,6.21999979019165,-995833333.3333334
2026-03-28T09:53:17Z,167,0.9982638955116272,6.25,6.944444444444445,60.0,60.0,60.0,0.0,1.0,0.0,-1,6.25,309.33880615234375,8.90999984741211,-993750000.0
2026-03-28T09:59:59Z,168,1.0091146230697632,6.25,6.944444444444445,60.0,60.0,60.0,0.0,1.0,0.0,-1,6.25,312.3593444824219,8.680000305175781,-993750000.0
2026-03-28T10:06:39Z,169,1.0308160781860352,6.25,6.944444444444445,60.0,60.0,60.0,0.0,1.0,0.0,-1,6.25,312.6931457519531,8.649999618530273,-993750000.0
2026-03-28T10:13:19Z,170,1.0633680820465088,6.25,6.944444444444445,60.0,60.0,60.0,0.0,1.0,0.0,-1,6.25,311.2591857910156,8.5,-993750000.0
2026-03-28T10:20:02Z,171,1.0850694179534912,6.25,6.944444444444445,60.0,60.0,60.0,0.0,1.0,0.0,-1,6.25,309.46160888671875,8.779999732971191,-993750000.0
2026-03-28T10:26:40Z,172,1.0308159589767456,6.25,6.944444444444445,60.0,60.0,60.0,0.0,1.0,0.0,-1,6.25,309.8724670410156,8.640000343322754,-993750000.0
2026-03-28T10:33:16Z,173,1.0416667461395264,6.25,6.944444444444445,60.0,60.0,60.0,0.0,1.0,0.0,-1,6.25,312.1501770019531,8.859999656677246,-993750000.0
2026-03-28T10:40:43Z,174,1.2152777910232544,6.25,6.944444444444445,60.0,60.0,60.0,0.0,1.0,0.0,-1,6.25,312.82708740234375,9.100000381469727,-993750000.0
2026-03-28T10:47:40Z,175,1.2369791269302368,6.25,6.944444444444445,60.0,60.0,60.0,0.0,1.0,0.0,-1,6.25,308.94329833984375,8.899999618530273,-993750000.0
2026-03-28T10:54:17Z,176,1.0850694179534912,6.944444444444445,6.944444444444445,60.0,60.0,60.0,0.0,1.0,0.0,-1,6.944444444444445,324.7840270996094,8.399999618530273,-993055555.5555556
2026-03-28T11:00:59Z,177,1.2044271230697632,6.944444444444445,6.944444444444445,60.0,60.0,60.0,0.0,1.0,0.0,-1,6.944444444444445,323.941650390625,8.100000381469727,-993055555.5555556
2026-03-28T11:07:32Z,178,1.2803819179534912,6.944444444444445,6.944444444444445,60.0,60.0,60.0,0.0,1.0,0.0,-1,6.944444444444445,328.1008605957031,8.5,-993055555.5555556
2026-03-28T11:14:08Z,179,1.1610243320465088,6.944444444444445,6.944444444444445,60.0,60.0,60.0,0.0,1.0,0.0,-1,6.944444444444445,320.5122985839844,8.0600004196167,-993055555.5555556
2026-03-28T11:20:55Z,180,1.1284722089767456,6.944444444444445,6.944444444444445,60.0,60.0,60.0,0.0,1.0,0.0,-1,6.944444444444445,318.8441162109375,8.140000343322754,-993055555.5555556
2026-03-28T11:27:50Z,181,1.345486044883728,6.944444444444445,6.944444444444445,60.0,60.0,60.0,0.0,1.0,0.0,-1,6.944444444444445,317.8871154785156,8.1899995803833,-993055555.5555556
2026-03-28T11:34:42Z,182,1.3129340410232544,6.944444444444445,6.944444444444445,60.0,60.0,60.0,0.0,1.0,0.0,-1,6.944444444444445,319.9100036621094,8.140000343322754,-993055555.5555556
2026-03-28T11:41:26Z,183,1.2803819179534912,6.944444444444445,6.944444444444445,60.0,60.0,60.0,0.0,1.0,0.0,-1,6.944444444444445,319.025146484375,8.380000114440918,-993055555.5555556
2026-03-28T11:48:05Z,184,1.291232705116272,6.944444444444445,6.944444444444445,60.0,60.0,60.0,0.0,1.0,0.0,-1,6.944444444444445,319.5975646972656,8.229999542236328,-993055555.5555556
2026-03-28T11:54:58Z,185,1.3888888359069824,6.944444444444445,6.944444444444445,60.0,60.0,60.0,0.0,1.0,0.0,-1,6.944444444444445,320.09271240234375,8.109999656677246,-993055555.5555556
2026-03-28T12:01:14Z,186,1.5190972089767456,6.944444444444445,6.944444444444445,60.0,60.0,60.0,0.0,1.0,0.0,-1,6.944444444444445,318.3743896484375,8.350000381469727,-993055555.5555556
2026-03-28T12:07:17Z,187,1.5299479961395264,6.944444444444445,6.944444444444445,60.0,60.0,60.0,0.0,1.0,0.0,-1,6.944444444444445,316.060302734375,8.029999732971191,-993055555.5555556
2026-03-28T12:13:11Z,188,1.4322917461395264,6.944444444444445,6.944444444444445,60.0,60.0,60.0,0.0,1.0,0.0,-1,6.944444444444445,319.3331298828125,8.229999542236328,-993055555.5555556
2026-03-28T12:19:08Z,189,1.584201455116272,6.944444444444445,6.944444444444445,60.0,60.0,60.0,0.0,1.0,0.0,-1,6.944444444444445,318.7646484375,8.220000267028809,-993055555.5555556
2026-03-28T12:25:23Z,190,1.540798544883728,6.944444444444445,6.944444444444445,60.0,60.0,60.0,0.0,1.0,0.0,-1,6.944444444444445,320.09490966796875,8.109999656677246,-993055555.5555556
2026-03-28T12:31:30Z,191,1.4431424140930176,6.944444444444445,6.944444444444445,60.0,60.0,60.0,0.0,1.0,0.0,-1,6.944444444444445,317.641357421875,8.4399995803833,-993055555.5555556
2026-03-28T12:37:28Z,192,1.5082465410232544,6.944444444444445,6.944444444444445,60.0,60.0,60.0,0.0,1.0,0.0,-1,6.944444444444445,320.1455078125,8.350000381469727,-993055555.5555556
2026-03-28T12:43:18Z,193,1.4756944179534912,6.944444444444445,6.944444444444445,60.0,60.0,60.0,0.0,1.0,0.0,-1,6.944444444444445,314.7369689941406,8.180000305175781,-993055555.5555556
2026-03-28T12:49:27Z,194,1.66015625,6.944444444444445,6.944444444444445,60.0,60.0,60.0,0.0,1.0,0.0,-1,6.944444444444445,319.3177185058594,8.170000076293945,-993055555.5555556
2026-03-28T12:55:30Z,195,1.681857705116272,6.944444444444445,6.944444444444445,60.0,60.0,60.0,0.0,1.0,0.0,-1,6.944444444444445,317.27105712890625,8.050000190734863,-993055555.5555556
2026-03-28T13:02:07Z,196,1.9097222089767456,7.638888888888889,7.638888888888889,60.0,60.0,60.0,0.0,1.0,0.0,-1,7.638888888888889,360.76068115234375,10.100000381469727,-992361111.1111112
2026-03-28T13:08:40Z,197,1.8120660781860352,6.944444444444445,7.638888888888889,60.0,60.0,60.0,0.0,1.0,0.0,-1,6.944444444444445,318.15478515625,8.149999618530273,-993055555.5555556
2026-03-28T13:14:46Z,198,1.4756944179534912,6.944444444444445,7.638888888888889,60.0,60.0,60.0,0.0,1.0,0.0,-1,6.944444444444445,319.939453125,8.09000015258789,-993055555.5555556
2026-03-28T13:21:22Z,199,1.508246660232544,6.944444444444445,7.638888888888889,60.0,60.0,60.0,0.0,1.0,0.0,-1,6.944444444444445,317.58502197265625,8.140000343322754,-993055555.5555556
2026-03-28T13:28:05Z,200,1.8663194179534912,6.944444444444445,7.638888888888889,60.0,60.0,60.0,0.0,1.0,0.0,-1,6.944444444444445,323.5009765625,8.649999618530273,-993055555.5555556
2026-03-28T13:35:32Z,201,1.9639757871627808,6.944444444444445,7.638888888888889,60.0,60.0,60.0,0.0,1.0,0.0,-1,6.944444444444445,319.3720703125,8.369999885559082,-993055555.5555556
2026-03-28T13:41:59Z,202,2.0290799140930176,6.944444444444445,7.638888888888889,60.0,60.0,60.0,0.0,1.0,0.0,-1,6.944444444444445,319.8320617675781,8.100000381469727,-993055555.5555556
2026-03-28T13:49:19Z,203,2.1267361640930176,6.944444444444445,7.638888888888889,60.0,60.0,60.0,0.0,1.0,0.0,-1,6.944444444444445,318.2469177246094,8.289999961853027,-993055555.5555556
2026-03-28T13:56:09Z,204,1.9422743320465088,6.944444444444445,7.638888888888889,60.0,60.0,60.0,0.0,1.0,0.0,-1,6.944444444444445,317.5264892578125,8.3100004196167,-993055555.5555556
2026-03-28T14:03:56Z,205,1.8880208730697632,6.944444444444445,7.638888888888889,60.0,60.0,60.0,0.0,1.0,0.0,-1,6.944444444444445,306.9705505371094,9.819999694824219,-993055555.5555556
2026-03-28T14:10:37Z,206,1.8012152910232544,6.944444444444445,7.638888888888889,60.0,60.0,60.0,0.0,1.0,0.0,-1,6.944444444444445,316.66387939453125,7.869999885559082,-993055555.5555556
2026-03-28T14:17:32Z,207,1.8446180820465088,6.944444444444445,7.638888888888889,60.0,60.0,60.0,0.0,1.0,0.0,-1,6.944444444444445,308.8554382324219,10.119999885559082,-993055555.5555556
2026-03-28T14:24:38Z,208,1.7903647422790527,6.944444444444445,7.638888888888889,60.0,60.0,60.0,0.0,1.0,0.0,-1,6.944444444444445,319.9111022949219,8.270000457763672,-993055555.5555556
2026-03-28T14:32:03Z,209,2.007378578186035,6.944444444444445,7.638888888888889,60.0,60.0,60.0,0.0,1.0,0.0,-1,6.944444444444445,318.526611328125,8.0600004196167,-993055555.5555556
2026-03-28T14:38:55Z,210,1.8120660781860352,6.944444444444445,7.638888888888889,60.0,60.0,60.0,0.0,1.0,0.0,-1,6.944444444444445,323.8686828613281,9.170000076293945,-993055555.5555556
2026-03-28T14:46:37Z,211,1.9422743320465088,6.944444444444445,7.638888888888889,60.0,60.0,60.0,0.0,1.0,0.0,-1,6.944444444444445,315.8934020996094,8.300000190734863,-993055555.5555556
2026-03-28T14:53:39Z,212,1.8120660781860352,6.944444444444445,7.638888888888889,60.0,60.0,60.0,0.0,1.0,0.0,-1,6.944444444444445,309.9765930175781,10.319999694824219,-993055555.5555556
2026-03-28T15:00:53Z,213,2.0182290077209473,6.944444444444445,7.638888888888889,60.0,60.0,60.0,0.0,1.0,0.0,-1,6.944444444444445,315.5330505371094,8.270000457763672,-993055555.5555556
2026-03-28T15:07:56Z,214,1.9856770038604736,6.944444444444445,7.638888888888889,60.0,60.0,60.0,0.0,1.0,0.0,-1,6.944444444444445,319.82867431640625,8.079999923706055,-993055555.5555556
2026-03-28T15:15:22Z,215,2.1592884063720703,7.638888888888889,7.638888888888889,60.0,60.0,60.0,0.0,1.0,0.0,-1,7.638888888888889,375.9486999511719,12.09000015258789,-992361111.1111112
2026-03-28T15:22:16Z,216,1.8988715410232544,6.944444444444445,7.638888888888889,60.0,60.0,60.0,0.0,1.0,0.0,-1,6.944444444444445,306.9085998535156,10.199999809265137,-993055555.5555556
2026-03-28T15:29:52Z,217,1.9856771230697632,6.944444444444445,7.638888888888889,60.0,60.0,60.0,0.0,1.0,0.0,-1,6.944444444444445,311.841796875,11.220000267028809,-993055555.5555556
2026-03-28T15:37:06Z,218,2.1267361640930176,6.944444444444445,7.638888888888889,60.0,60.0,60.0,0.0,1.0,0.0,-1,6.944444444444445,310.7187194824219,9.380000114440918,-993055555.5555556
2026-03-28T15:44:33Z,219,2.137586832046509,6.944444444444445,7.638888888888889,60.0,60.0,60.0,0.0,1.0,0.0,-1,6.944444444444445,316.58526611328125,9.670000076293945,-993055555.5555556
2026-03-28T15:51:36Z,220,2.1592884063720703,6.944444444444445,7.638888888888889,60.0,60.0,60.0,0.0,1.0,0.0,-1,6.944444444444445,319.006103515625,8.270000457763672,-993055555.5555556
2026-03-28T15:59:03Z,221,2.202691078186035,6.944444444444445,7.638888888888889,60.0,60.0,60.0,0.0,1.0,0.0,-1,6.944444444444445,320.5440368652344,8.180000305175781,-993055555.5555556
2026-03-28T16:07:05Z,222,2.3654513359069824,7.638888888888889,7.638888888888889,60.0,60.0,60.0,0.0,1.0,0.0,-1,7.638888888888889,379.88726806640625,20.170000076293945,-992361111.1111112
2026-03-28T16:15:04Z,223,2.387152910232544,7.638888888888889,7.638888888888889,60.0,60.0,60.0,0.0,1.0,0.0,-1,7.638888888888889,362.695556640625,18.459999084472656,-992361111.1111112
2026-03-28T16:22:30Z,224,2.202691078186035,6.944444444444445,7.638888888888889,60.0,60.0,60.0,0.0,1.0,0.0,-1,6.944444444444445,320.8578186035156,8.5,-993055555.5555556
2026-03-28T16:30:31Z,225,2.430555582046509,6.944444444444445,7.638888888888889,60.0,60.0,60.0,0.0,1.0,0.0,-1,6.944444444444445,321.16729736328125,8.210000038146973,-993055555.5555556
2026-03-28T16:38:35Z,226,2.625868082046509,6.944444444444445,7.638888888888889,60.0,60.0,60.0,0.0,1.0,0.0,-1,6.944444444444445,321.4701843261719,8.220000267028809,-993055555.5555556
2026-03-28T16:46:32Z,227,2.4522571563720703,6.944444444444445,7.638888888888889,60.0,60.0,60.0,0.0,1.0,0.0,-1,6.944444444444445,315.18658447265625,7.920000076293945,-993055555.5555556
2026-03-28T16:54:02Z,228,2.5065104961395264,6.944444444444445,7.638888888888889,60.0,60.0,60.0,0.0,1.0,0.0,-1,6.944444444444445,317.9926452636719,8.0600004196167,-993055555.5555556
2026-03-28T17:01:41Z,229,2.549913167953491,7.638888888888889,7.638888888888889,60.0,60.0,60.0,0.0,1.0,0.0,-1,7.638888888888889,363.9407958984375,10.300000190734863,-992361111.1111112
2026-03-28T17:09:50Z,230,2.6475696563720703,7.638888888888889,7.638888888888889,60.0,60.0,60.0,0.0,1.0,0.0,-1,7.638888888888889,346.93548583984375,25.549999237060547,-992361111.1111112
2026-03-28T17:17:38Z,231,2.63671875,6.944444444444445,7.638888888888889,60.0,60.0,60.0,0.0,1.0,0.0,-1,6.944444444444445,314.27099609375,13.34000015258789,-993055555.5555556
2026-03-28T17:25:21Z,232,2.7669272422790527,6.944444444444445,7.638888888888889,60.0,60.0,60.0,0.0,1.0,0.0,-1,6.944444444444445,311.9725036621094,13.3100004196167,-993055555.5555556
2026-03-28T17:33:10Z,233,2.332899332046509,6.944444444444445,7.638888888888889,60.0,60.0,60.0,0.0,1.0,0.0,-1,6.944444444444445,315.7225341796875,7.940000057220459,-993055555.5555556
2026-03-28T17:41:26Z,234,2.4631075859069824,6.944444444444445,7.638888888888889,60.0,60.0,60.0,0.0,1.0,0.0,-1,6.944444444444445,317.26641845703125,8.199999809265137,-993055555.5555556
2026-03-28T17:49:20Z,235,2.582465171813965,6.944444444444445,7.638888888888889,60.0,60.0,60.0,0.0,1.0,0.0,-1,6.944444444444445,320.8467712402344,8.109999656677246,-993055555.5555556
2026-03-28T17:57:43Z,236,3.0490450859069824,7.638888888888889,7.638888888888889,60.0,60.0,60.0,0.0,1.0,0.0,-1,7.638888888888889,340.80670166015625,21.43000030517578,-992361111.1111112
2026-03-28T18:06:23Z,237,2.6041665077209473,7.638888888888889,7.638888888888889,60.0,60.0,60.0,0.0,1.0,0.0,-1,7.638888888888889,352.4508361816406,21.170000076293945,-992361111.1111112
2026-03-28T18:14:49Z,238,2.5716147422790527,8.333333333333332,8.333333333333332,60.0,60.0,60.0,0.0,1.0,0.0,-1,8.333333333333332,359.57196044921875,23.260000228881836,-991666666.6666666
2026-03-28T18:23:21Z,239,2.63671875,7.638888888888889,8.333333333333332,60.0,60.0,60.0,0.0,1.0,0.0,-1,7.638888888888889,350.2139587402344,21.81999969482422,-992361111.1111112
2026-03-28T18:31:31Z,240,2.625868320465088,7.638888888888889,8.333333333333332,60.0,60.0,60.0,0.0,1.0,0.0,-1,7.638888888888889,346.8676452636719,21.5,-992361111.1111112
2026-03-28T18:40:04Z,241,2.6692709922790527,7.638888888888889,8.333333333333332,60.0,60.0,60.0,0.0,1.0,0.0,-1,7.638888888888889,345.67633056640625,21.299999237060547,-992361111.1111112
2026-03-28T18:48:26Z,242,2.842881917953491,7.638888888888889,8.333333333333332,60.0,60.0,60.0,0.0,1.0,0.0,-1,7.638888888888889,347.5506286621094,21.979999542236328,-992361111.1111112
2026-03-28T18:56:44Z,243,2.9513888359069824,7.638888888888889,8.333333333333332,60.0,60.0,60.0,0.0,1.0,0.0,-1,7.638888888888889,343.0118713378906,21.15999984741211,-992361111.1111112
2026-03-28T19:05:12Z,244,2.8971354961395264,8.333333333333332,8.333333333333332,60.0,60.0,60.0,0.0,1.0,0.0,-1,8.333333333333332,354.2524108886719,23.700000762939453,-991666666.6666666
2026-03-28T19:12:40Z,245,2.256944417953491,7.638888888888889,8.333333333333332,60.0,60.0,60.0,0.0,1.0,0.0,-1,7.638888888888889,354.4544982910156,22.170000076293945,-992361111.1111112
2026-03-28T19:20:44Z,246,2.680121421813965,7.638888888888889,8.333333333333332,60.0,60.0,60.0,0.0,1.0,0.0,-1,7.638888888888889,353.69482421875,21.290000915527344,-992361111.1111112
2026-03-28T19:29:16Z,247,2.9947917461395264,7.638888888888889,8.333333333333332,60.0,60.0,60.0,0.0,1.0,0.0,-1,7.638888888888889,345.4224853515625,21.709999084472656,-992361111.1111112
2026-03-28T19:37:50Z,248,2.8971352577209473,8.333333333333332,8.333333333333332,60.0,60.0,60.0,0.0,1.0,0.0,-1,8.333333333333332,376.6645202636719,16.139999389648438,-991666666.6666666
2026-03-28T19:45:33Z,249,2.5173611640930176,6.944444444444445,8.333333333333332,60.0,60.0,60.0,0.0,1.0,0.0,-1,6.944444444444445,315.8713684082031,10.800000190734863,-993055555.5555556
2026-03-28T19:53:53Z,250,2.821180820465088,6.944444444444445,8.333333333333332,60.0,60.0,60.0,0.0,1.0,0.0,-1,6.944444444444445,312.01165771484375,10.880000114440918,-993055555.5555556
2026-03-28T20:01:46Z,251,2.6041667461395264,6.944444444444445,8.333333333333332,60.0,60.0,60.0,0.0,1.0,0.0,-1,6.944444444444445,307.6199645996094,10.819999694824219,-993055555.5555556
2026-03-28T20:09:51Z,252,2.83203125,7.638888888888889,8.333333333333332,60.0,60.0,60.0,0.0,1.0,0.0,-1,7.638888888888889,321.5741882324219,23.280000686645508,-992361111.1111112
2026-03-28T20:18:47Z,253,2.983941078186035,8.333333333333332,8.333333333333332,60.0,60.0,60.0,0.0,1.0,0.0,-1,8.333333333333332,392.9736328125,11.380000114440918,-991666666.6666666
2026-03-28T20:26:41Z,254,3.2009549140930176,8.333333333333332,8.333333333333332,60.0,60.0,60.0,0.0,1.0,0.0,-1,8.333333333333332,387.9012145996094,16.399999618530273,-991666666.6666666
2026-03-28T20:34:45Z,255,2.6041669845581055,9.027777777777777,9.027777777777777,60.0,60.0,60.0,0.0,1.0,0.0,-1,9.027777777777777,431.8748474121094,18.389999389648438,-990972222.2222222
2026-03-28T20:43:38Z,256,2.6041667461395264,7.638888888888889,9.027777777777777,60.0,60.0,60.0,0.0,1.0,0.0,-1,7.638888888888889,344.9461669921875,11.210000038146973,-992361111.1111112
2026-03-28T20:52:31Z,257,3.0598959922790527,7.638888888888889,9.027777777777777,60.0,60.0,60.0,0.0,1.0,0.0,-1,7.638888888888889,352.68426513671875,10.9399995803833,-992361111.1111112
2026-03-28T21:00:57Z,258,2.8103299140930176,8.333333333333332,9.027777777777777,60.0,60.0,60.0,0.0,1.0,0.0,-1,8.333333333333332,359.4335021972656,24.579999923706055,-991666666.6666666
2026-03-28T21:10:18Z,259,3.1032986640930176,7.638888888888889,9.027777777777777,60.0,60.0,60.0,0.0,1.0,0.0,-1,7.638888888888889,352.6643981933594,11.319999694824219,-992361111.1111112
2026-03-28T21:19:12Z,260,3.2443578243255615,7.638888888888889,9.027777777777777,60.0,60.0,60.0,0.0,1.0,0.0,-1,7.638888888888889,349.37274169921875,11.350000381469727,-992361111.1111112
2026-03-28T21:28:11Z,261,3.02734375,8.333333333333332,9.027777777777777,60.0,60.0,60.0,0.0,1.0,0.0,-1,8.333333333333332,392.95794677734375,15.770000457763672,-991666666.6666666
2026-03-28T21:37:03Z,262,3.0490450859069824,8.333333333333332,9.027777777777777,60.0,60.0,60.0,0.0,1.0,0.0,-1,8.333333333333332,359.2131042480469,24.780000686645508,-991666666.6666666
2026-03-28T21:43:48Z,263,2.983941078186035,9.027777777777777,9.027777777777777,60.0,60.0,60.0,0.0,1.0,0.0,-1,9.027777777777777,410.3002624511719,15.710000038146973,-990972222.2222222
2026-03-28T21:52:32Z,264,3.0490450859069824,7.638888888888889,9.027777777777777,60.0,60.0,60.0,0.0,1.0,0.0,-1,7.638888888888889,351.5997314453125,11.729999542236328,-992361111.1111112
2026-03-28T22:01:22Z,265,3.114149332046509,7.638888888888889,9.027777777777777,60.0,60.0,60.0,0.0,1.0,0.0,-1,7.638888888888889,375.18048095703125,22.049999237060547,-992361111.1111112
2026-03-28T22:10:34Z,266,3.070746421813965,7.638888888888889,9.027777777777777,60.0,60.0,60.0,0.0,1.0,0.0,-1,7.638888888888889,375.8936462402344,22.559999465942383,-992361111.1111112
2026-03-28T22:20:08Z,267,3.993055582046509,7.638888888888889,9.027777777777777,60.0,60.0,60.0,0.0,1.0,0.0,-1,7.638888888888889,349.40557861328125,22.079999923706055,-992361111.1111112
2026-03-28T22:29:24Z,268,3.1575522422790527,9.027777777777777,9.027777777777777,60.0,60.0,60.0,0.0,1.0,0.0,-1,9.027777777777777,432.8356628417969,18.260000228881836,-990972222.2222222
2026-03-28T22:39:34Z,269,3.1032986640930176,8.333333333333332,9.027777777777777,60.0,60.0,60.0,0.0,1.0,0.0,-1,8.333333333333332,378.88629150390625,20.299999237060547,-991666666.6666666
2026-03-28T22:49:08Z,270,3.081597328186035,8.333333333333332,9.027777777777777,60.0,60.0,60.0,0.0,1.0,0.0,-1,8.333333333333332,382.6026306152344,21.170000076293945,-991666666.6666666
2026-03-28T22:58:18Z,271,3.2335071563720703,8.333333333333332,9.027777777777777,60.0,60.0,60.0,0.0,1.0,0.0,-1,8.333333333333332,379.5176086425781,20.690000534057617,-991666666.6666666
2026-03-28T23:09:05Z,272,3.6783857345581055,9.027777777777777,9.027777777777777,60.0,60.0,60.0,0.0,1.0,0.0,-1,9.027777777777777,414.34954833984375,19.100000381469727,-990972222.2222222
2026-03-28T23:18:28Z,273,3.4505209922790527,8.333333333333332,9.027777777777777,60.0,60.0,60.0,0.0,1.0,0.0,-1,8.333333333333332,381.86767578125,20.479999542236328,-991666666.6666666
2026-03-28T23:28:10Z,274,3.4288196563720703,8.333333333333332,9.027777777777777,60.0,60.0,60.0,0.0,1.0,0.0,-1,8.333333333333332,391.2464599609375,21.309999465942383,-991666666.6666666
2026-03-28T23:36:54Z,275,3.1358509063720703,8.333333333333332,9.027777777777777,60.0,60.0,60.0,0.0,1.0,0.0,-1,8.333333333333332,384.9468994140625,22.020000457763672,-991666666.6666666
2026-03-28T23:46:37Z,276,4.123263835906982,9.027777777777777,9.027777777777777,60.0,60.0,60.0,0.0,1.0,0.0,-1,9.027777777777777,433.5118103027344,13.770000457763672,-990972222.2222222
2026-03-28T23:56:21Z,277,3.4939236640930176,8.333333333333332,9.027777777777777,60.0,60.0,60.0,0.0,1.0,0.0,-1,8.333333333333332,391.7926330566406,20.68000030517578,-991666666.6666666
2026-03-29T00:06:14Z,278,3.4396700859069824,8.333333333333332,9.027777777777777,60.0,60.0,60.0,0.0,1.0,0.0,-1,8.333333333333332,371.0987548828125,15.470000267028809,-991666666.6666666
2026-03-29T00:16:02Z,279,3.3311634063720703,8.333333333333332,9.027777777777777,60.0,60.0,60.0,0.0,1.0,0.0,-1,8.333333333333332,387.9815368652344,22.540000915527344,-991666666.6666666
2026-03-29T00:25:02Z,280,3.3854169845581055,8.333333333333332,9.027777777777777,60.0,60.0,60.0,0.0,1.0,0.0,-1,8.333333333333332,368.469970703125,17.459999084472656,-991666666.6666666
2026-03-29T00:35:10Z,281,3.5264759063720703,8.333333333333332,9.027777777777777,60.0,60.0,60.0,0.0,1.0,0.0,-1,8.333333333333332,374.7135009765625,21.020000457763672,-991666666.6666666
2026-03-29T00:45:08Z,282,3.7760417461395264,10.416666666666668,10.416666666666668,60.0,60.0,60.0,0.0,1.0,0.0,-1,10.416666666666668,460.00244140625,36.04999923706055,-989583333.3333334
2026-03-29T00:55:26Z,283,3.6349828243255615,9.027777777777777,10.416666666666668,60.0,60.0,60.0,0.0,1.0,0.0,-1,9.027777777777777,419.5017395019531,13.859999656677246,-990972222.2222222
2026-03-29T01:05:16Z,284,3.4396703243255615,9.027777777777777,10.416666666666668,60.0,60.0,60.0,0.0,1.0,0.0,-1,9.027777777777777,415.38421630859375,14.399999618530273,-990972222.2222222
2026-03-29T01:14:49Z,285,3.656684160232544,9.027777777777777,10.416666666666668,60.0,60.0,60.0,0.0,1.0,0.0,-1,9.027777777777777,413.52996826171875,23.5,-990972222.2222222
2026-03-29T01:25:56Z,286,3.819444417953491,9.027777777777777,10.416666666666668,60.0,60.0,60.0,0.0,1.0,0.0,-1,9.027777777777777,402.870849609375,21.950000762939453,-990972222.2222222
2026-03-29T01:36:27Z,287,3.949652671813965,9.027777777777777,10.416666666666668,60.0,60.0,60.0,0.0,1.0,0.0,-1,9.027777777777777,394.7619934082031,13.779999732971191,-990972222.2222222
2026-03-29T01:47:05Z,288,4.00390625,8.333333333333332,10.416666666666668,60.0,60.0,60.0,0.0,1.0,0.0,-1,8.333333333333332,382.43951416015625,21.010000228881836,-991666666.6666666
2026-03-29T01:57:28Z,289,4.09071159362793,9.027777777777777,10.416666666666668,60.0,60.0,60.0,0.0,1.0,0.0,-1,9.027777777777777,389.02325439453125,25.440000534057617,-990972222.2222222
2026-03-29T02:07:57Z,290,3.515625,8.333333333333332,10.416666666666668,60.0,60.0,60.0,0.0,1.0,0.0,-1,8.333333333333332,369.36474609375,12.890000343322754,-991666666.6666666
2026-03-29T02:18:25Z,291,3.90625,9.027777777777777,10.416666666666668,60.0,60.0,60.0,0.0,1.0,0.0,-1,9.027777777777777,410.3508605957031,23.760000228881836,-990972222.2222222
2026-03-29T02:29:45Z,292,3.8411459922790527,9.027777777777777,10.416666666666668,60.0,60.0,60.0,0.0,1.0,0.0,-1,9.027777777777777,423.1434326171875,12.800000190734863,-990972222.2222222
2026-03-29T02:40:34Z,293,4.340277671813965,10.416666666666668,10.416666666666668,60.0,60.0,60.0,0.0,1.0,0.0,-1,10.416666666666668,522.123046875,24.6200008392334,-989583333.3333334
2026-03-29T02:52:05Z,294,3.9279513359069824,9.027777777777777,10.416666666666668,60.0,60.0,60.0,0.0,1.0,0.0,-1,9.027777777777777,400.5324401855469,30.68000030517578,-990972222.2222222
2026-03-29T03:03:32Z,295,3.700086832046509,9.027777777777777,10.416666666666668,60.0,60.0,60.0,0.0,1.0,0.0,-1,9.027777777777777,417.48358154296875,12.880000114440918,-990972222.2222222
2026-03-29T03:14:01Z,296,3.7217884063720703,9.027777777777777,10.416666666666668,60.0,60.0,60.0,0.0,1.0,0.0,-1,9.027777777777777,443.1248779296875,20.0,-990972222.2222222
2026-03-29T03:26:20Z,297,4.437934398651123,9.027777777777777,10.416666666666668,60.0,60.0,60.0,0.0,1.0,0.0,-1,9.027777777777777,423.3239440917969,33.060001373291016,-990972222.2222222
2026-03-29T03:37:35Z,298,3.721788167953491,9.027777777777777,10.416666666666668,60.0,60.0,60.0,0.0,1.0,0.0,-1,9.027777777777777,399.2171630859375,31.510000228881836,-990972222.2222222
2026-03-29T03:48:51Z,299,3.5373265743255615,9.027777777777777,10.416666666666668,60.0,60.0,60.0,0.0,1.0,0.0,-1,9.027777777777777,414.462158203125,25.18000030517578,-990972222.2222222
2026-03-29T04:01:50Z,300,3.851996421813965,9.027777777777777,10.416666666666668,60.0,60.0,60.0,0.0,1.0,0.0,-1,9.027777777777777,435.11517333984375,31.5,-990972222.2222222
2026-03-29T04:13:12Z,301,4.025607585906982,9.027777777777777,10.416666666666668,60.0,60.0,60.0,0.0,1.0,0.0,-1,9.027777777777777,408.44744873046875,25.479999542236328,-990972222.2222222
2026-03-29T04:26:36Z,302,3.960503578186035,9.027777777777777,10.416666666666668,60.0,60.0,60.0,0.0,1.0,0.0,-1,9.027777777777777,397.9742126464844,21.68000030517578,-990972222.2222222
2026-03-29T04:39:46Z,303,4.047308921813965,9.722222222222223,10.416666666666668,60.0,60.0,60.0,0.0,1.0,0.0,-1,9.722222222222223,438.3298645019531,26.989999771118164,-990277777.7777778
2026-03-29T04:49:57Z,304,3.7868924140930176,9.027777777777777,10.416666666666668,60.0,60.0,60.0,0.0,1.0,0.0,-1,9.027777777777777,400.09130859375,15.34000015258789,-990972222.2222222
2026-03-29T05:02:44Z,305,4.5247392654418945,8.333333333333332,10.416666666666668,60.0,60.0,60.0,0.0,1.0,0.0,-1,8.333333333333332,376.2429504394531,16.399999618530273,-991666666.6666666
2026-03-29T05:15:39Z,306,4.01475715637207,9.027777777777777,10.416666666666668,60.0,60.0,60.0,0.0,1.0,0.0,-1,9.027777777777777,425.54754638671875,27.700000762939453,-990972222.2222222
2026-03-29T05:28:39Z,307,4.231770992279053,9.027777777777777,10.416666666666668,60.0,60.0,60.0,0.0,1.0,0.0,-1,9.027777777777777,431.38446044921875,20.579999923706055,-990972222.2222222
2026-03-29T05:41:11Z,308,4.01475715637207,8.333333333333332,10.416666666666668,60.0,60.0,60.0,0.0,1.0,0.0,-1,8.333333333333332,379.1373291015625,17.440000534057617,-991666666.6666666
2026-03-29T05:54:47Z,309,4.025607585906982,9.027777777777777,10.416666666666668,60.0,60.0,60.0,0.0,1.0,0.0,-1,9.027777777777777,452.509521484375,14.739999771118164,-990972222.2222222
2026-03-29T06:08:03Z,310,3.515625,8.333333333333332,10.416666666666668,60.0,60.0,60.0,0.0,1.0,0.0,-1,8.333333333333332,374.86627197265625,22.459999084472656,-991666666.6666666
2026-03-29T06:20:50Z,311,4.036458492279053,9.027777777777777,10.416666666666668,60.0,60.0,60.0,0.0,1.0,0.0,-1,9.027777777777777,424.00909423828125,18.40999984741211,-990972222.2222222
2026-03-29T06:35:08Z,312,4.242621421813965,9.027777777777777,10.416666666666668,60.0,60.0,60.0,0.0,1.0,0.0,-1,9.027777777777777,372.772705078125,15.470000267028809,-990972222.2222222
2026-03-29T06:47:52Z,313,3.754340410232544,9.027777777777777,10.416666666666668,60.0,60.0,60.0,0.0,1.0,0.0,-1,9.027777777777777,423.4132080078125,22.850000381469727,-990972222.2222222
2026-03-29T07:01:41Z,314,4.30772590637207,9.027777777777777,10.416666666666668,60.0,60.0,60.0,0.0,1.0,0.0,-1,9.027777777777777,398.81854248046875,19.84000015258789,-990972222.2222222
2026-03-29T07:12:47Z,315,3.1901040077209473,8.333333333333332,10.416666666666668,60.0,60.0,60.0,0.0,1.0,0.0,-1,8.333333333333332,371.47998046875,23.59000015258789,-991666666.6666666
2026-03-29T07:25:08Z,316,3.765191078186035,8.333333333333332,10.416666666666668,60.0,60.0,60.0,0.0,1.0,0.0,-1,8.333333333333332,371.8539123535156,24.030000686645508,-991666666.6666666
2026-03-29T07:37:30Z,317,3.9930553436279297,9.027777777777777,10.416666666666668,60.0,60.0,60.0,0.0,1.0,0.0,-1,9.027777777777777,412.426513671875,17.170000076293945,-990972222.2222222
2026-03-29T07:49:56Z,318,4.275173664093018,8.333333333333332,10.416666666666668,60.0,60.0,60.0,0.0,1.0,0.0,-1,8.333333333333332,369.38507080078125,28.149999618530273,-991666666.6666666
2026-03-29T08:01:28Z,319,4.557291507720947,9.027777777777777,10.416666666666668,60.0,60.0,60.0,0.0,1.0,0.0,-1,9.027777777777777,441.6944580078125,27.940000534057617,-990972222.2222222
2026-03-29T08:13:31Z,320,4.155816078186035,8.333333333333332,10.416666666666668,60.0,60.0,60.0,0.0,1.0,0.0,-1,8.333333333333332,389.5040283203125,22.15999984741211,-991666666.6666666
2026-03-29T08:24:44Z,321,3.602430820465088,8.333333333333332,10.416666666666668,60.0,60.0,60.0,0.0,1.0,0.0,-1,8.333333333333332,382.5309753417969,24.09000015258789,-991666666.6666666
2026-03-29T08:37:35Z,322,4.296875,8.333333333333332,10.416666666666668,60.0,60.0,60.0,0.0,1.0,0.0,-1,8.333333333333332,388.52655029296875,20.850000381469727,-991666666.6666666
2026-03-29T08:50:05Z,323,3.895399570465088,8.333333333333332,10.416666666666668,60.0,60.0,60.0,0.0,1.0,0.0,-1,8.333333333333332,380.943603515625,20.84000015258789,-991666666.6666666
2026-03-29T09:02:25Z,324,4.253472328186035,9.722222222222223,10.416666666666668,60.0,60.0,60.0,0.0,1.0,0.0,-1,9.722222222222223,453.41650390625,17.65999984741211,-990277777.7777778
2026-03-29T09:15:44Z,325,4.416232585906982,10.416666666666668,10.416666666666668,60.0,60.0,60.0,0.0,1.0,0.0,-1,10.416666666666668,465.9949035644531,17.239999771118164,-989583333.3333334
2026-03-29T09:29:06Z,326,4.351128578186035,8.333333333333332,10.416666666666668,60.0,60.0,60.0,0.0,1.0,0.0,-1,8.333333333333332,379.9208984375,20.1200008392334,-991666666.6666666
2026-03-29T09:41:48Z,327,4.372829437255859,8.333333333333332,10.416666666666668,60.0,60.0,60.0,0.0,1.0,0.0,-1,8.333333333333332,385.986083984375,19.579999923706055,-991666666.6666666
2026-03-29T09:54:34Z,328,4.405381679534912,9.722222222222223,10.416666666666668,60.0,60.0,60.0,0.0,1.0,0.0,-1,9.722222222222223,446.42718505859375,18.389999389648438,-990277777.7777778
2026-03-29T10:07:53Z,329,4.4921875,9.722222222222223,10.416666666666668,60.0,60.0,60.0,0.0,1.0,0.0,-1,9.722222222222223,454.0378723144531,16.600000381469727,-990277777.7777778
2026-03-29T10:22:09Z,330,4.806857109069824,9.027777777777777,10.416666666666668,60.0,60.0,60.0,0.0,1.0,0.0,-1,9.027777777777777,394.2362976074219,17.309999465942383,-990972222.2222222
2026-03-29T10:35:12Z,331,4.144965171813965,9.027777777777777,10.416666666666668,60.0,60.0,60.0,0.0,1.0,0.0,-1,9.027777777777777,394.1607971191406,19.56999969482422,-990972222.2222222
2026-03-29T10:49:49Z,332,4.7526044845581055,9.027777777777777,10.416666666666668,60.0,60.0,60.0,0.0,1.0,0.0,-1,9.027777777777777,393.2264709472656,20.75,-990972222.2222222
2026-03-29T11:03:24Z,333,4.351128578186035,9.722222222222223,10.416666666666668,60.0,60.0,60.0,0.0,1.0,0.0,-1,9.722222222222223,444.8879699707031,21.940000534057617,-990277777.7777778
2026-03-29T11:16:48Z,334,4.535590171813965,9.027777777777777,10.416666666666668,60.0,60.0,60.0,0.0,1.0,0.0,-1,9.027777777777777,430.72174072265625,16.920000076293945,-990972222.2222222
2026-03-29T11:29:58Z,335,4.513888835906982,9.027777777777777,10.416666666666668,60.0,60.0,60.0,0.0,1.0,0.0,-1,9.027777777777777,392.5705871582031,16.959999084472656,-990972222.2222222
2026-03-29T11:43:17Z,336,4.67664909362793,8.333333333333332,10.416666666666668,60.0,60.0,60.0,0.0,1.0,0.0,-1,8.333333333333332,386.2982482910156,10.670000076293945,-991666666.6666666
2026-03-29T11:56:53Z,337,4.741753578186035,9.027777777777777,10.416666666666668,60.0,60.0,60.0,0.0,1.0,0.0,-1,9.027777777777777,394.5942687988281,15.180000305175781,-990972222.2222222
2026-03-29T12:09:41Z,338,4.513889312744141,8.333333333333332,10.416666666666668,60.0,60.0,60.0,0.0,1.0,0.0,-1,8.333333333333332,380.68438720703125,13.239999771118164,-991666666.6666666
2026-03-29T12:22:56Z,339,4.535590171813965,9.027777777777777,10.416666666666668,60.0,60.0,60.0,0.0,1.0,0.0,-1,9.027777777777777,394.91461181640625,15.170000076293945,-990972222.2222222
2026-03-29T12:36:57Z,340,4.58984375,8.333333333333332,10.416666666666668,60.0,60.0,60.0,0.0,1.0,0.0,-1,8.333333333333332,380.9732360839844,18.739999771118164,-991666666.6666666
2026-03-29T12:50:45Z,341,4.253472328186035,9.027777777777777,10.416666666666668,60.0,60.0,60.0,0.0,1.0,0.0,-1,9.027777777777777,387.35101318359375,23.940000534057617,-990972222.2222222
2026-03-29T13:05:55Z,342,5.002170562744141,9.027777777777777,10.416666666666668,60.0,60.0,60.0,0.0,1.0,0.0,-1,9.027777777777777,412.6759948730469,24.459999084472656,-990972222.2222222
2026-03-29T13:20:28Z,343,4.730902671813965,9.027777777777777,10.416666666666668,60.0,60.0,60.0,0.0,1.0,0.0,-1,9.027777777777777,383.3226013183594,25.739999771118164,-990972222.2222222
2026-03-29T13:35:39Z,344,5.219183921813965,9.722222222222223,10.416666666666668,60.0,60.0,60.0,0.0,1.0,0.0,-1,9.722222222222223,445.701904296875,16.049999237060547,-990277777.7777778
2026-03-29T13:50:53Z,345,5.338541507720947,9.722222222222223,10.416666666666668,60.0,60.0,60.0,0.0,1.0,0.0,-1,9.722222222222223,453.9889221191406,16.739999771118164,-990277777.7777778
2026-03-29T14:04:41Z,346,4.828558921813965,9.027777777777777,10.416666666666668,60.0,60.0,60.0,0.0,1.0,0.0,-1,9.027777777777777,445.3700256347656,16.8700008392334,-990972222.2222222
2026-03-29T14:19:17Z,347,5.219183921813965,9.722222222222223,10.416666666666668,60.0,60.0,60.0,0.0,1.0,0.0,-1,9.722222222222223,443.8244934082031,20.280000686645508,-990277777.7777778
2026-03-29T14:34:23Z,348,5.523003101348877,9.027777777777777,10.416666666666668,60.0,60.0,60.0,0.0,1.0,0.0,-1,9.027777777777777,433.29364013671875,20.09000015258789,-990972222.2222222
2026-03-29T14:49:35Z,349,5.197482585906982,9.722222222222223,10.416666666666668,60.0,60.0,60.0,0.0,1.0,0.0,-1,9.722222222222223,454.2126770019531,19.329999923706055,-990277777.7777778
2026-03-29T15:04:50Z,350,5.38194465637207,9.027777777777777,10.416666666666668,60.0,60.0,60.0,0.0,1.0,0.0,-1,9.027777777777777,432.15350341796875,16.850000381469727,-990972222.2222222
2026-03-29T15:19:14Z,351,5.5013017654418945,9.027777777777777,10.416666666666668,60.0,60.0,60.0,0.0,1.0,0.0,-1,9.027777777777777,441.2562255859375,15.550000190734863,-990972222.2222222
2026-03-29T15:33:17Z,352,5.078125,9.027777777777777,10.416666666666668,60.0,60.0,60.0,0.0,1.0,0.0,-1,9.027777777777777,428.6966857910156,16.100000381469727,-990972222.2222222
2026-03-29T15:48:48Z,353,5.46875,9.722222222222223,10.416666666666668,60.0,60.0,60.0,0.0,1.0,0.0,-1,9.722222222222223,457.6723937988281,15.529999732971191,-990277777.7777778
2026-03-29T16:04:04Z,354,5.859375,9.722222222222223,10.416666666666668,60.0,60.0,60.0,0.0,1.0,0.0,-1,9.722222222222223,440.3570861816406,17.59000015258789,-990277777.7777778
2026-03-29T16:19:49Z,355,6.065537929534912,9.027777777777777,10.416666666666668,60.0,60.0,60.0,0.0,1.0,0.0,-1,9.027777777777777,436.8844909667969,17.510000228881836,-990972222.2222222
2026-03-29T16:34:43Z,356,5.3059892654418945,9.722222222222223,10.416666666666668,60.0,60.0,60.0,0.0,1.0,0.0,-1,9.722222222222223,439.53314208984375,15.779999732971191,-990277777.7777778
2026-03-29T16:49:15Z,357,5.349391937255859,9.722222222222223,10.416666666666668,60.0,60.0,60.0,0.0,1.0,0.0,-1,9.722222222222223,434.8995361328125,16.1200008392334,-990277777.7777778
2026-03-29T17:02:50Z,358,5.28428840637207,9.722222222222223,10.416666666666668,60.0,60.0,60.0,0.0,1.0,0.0,-1,9.722222222222223,443.85675048828125,17.649999618530273,-990277777.7777778
2026-03-29T17:18:08Z,359,6.239149570465088,9.722222222222223,10.416666666666668,60.0,60.0,60.0,0.0,1.0,0.0,-1,9.722222222222223,444.4256286621094,17.639999389648438,-990277777.7777778
2026-03-29T17:32:21Z,360,5.76171875,9.722222222222223,10.416666666666668,60.0,60.0,60.0,0.0,1.0,0.0,-1,9.722222222222223,447.191162109375,17.290000915527344,-990277777.7777778
2026-03-29T17:47:15Z,361,5.598958492279053,9.722222222222223,10.416666666666668,60.0,60.0,60.0,0.0,1.0,0.0,-1,9.722222222222223,440.7998352050781,17.1200008392334,-990277777.7777778
2026-03-29T18:01:18Z,362,5.75086784362793,9.722222222222223,10.416666666666668,60.0,60.0,60.0,0.0,1.0,0.0,-1,9.722222222222223,432.08465576171875,17.8799991607666,-990277777.7777778
2026-03-29T18:16:05Z,363,5.65321159362793,9.722222222222223,10.416666666666668,60.0,60.0,60.0,0.0,1.0,0.0,-1,9.722222222222223,445.24835205078125,17.459999084472656,-990277777.7777778
2026-03-29T18:31:01Z,364,6.1197919845581055,9.722222222222223,10.416666666666668,60.0,60.0,60.0,0.0,1.0,0.0,-1,9.722222222222223,434.48199462890625,17.610000610351562,-990277777.7777778
2026-03-29T18:45:52Z,365,6.15234375,9.722222222222223,10.416666666666668,60.0,60.0,60.0,0.0,1.0,0.0,-1,9.722222222222223,466.6513366699219,16.350000381469727,-990277777.7777778
2026-03-29T19:00:37Z,366,5.978732585906982,9.722222222222223,10.416666666666668,60.0,60.0,60.0,0.0,1.0,0.0,-1,9.722222222222223,451.0155944824219,18.190000534057617,-990277777.7777778
2026-03-29T19:14:56Z,367,5.815972328186035,9.722222222222223,10.416666666666668,60.0,60.0,60.0,0.0,1.0,0.0,-1,9.722222222222223,459.42034912109375,17.670000076293945,-990277777.7777778
2026-03-29T19:29:27Z,368,6.011284828186035,9.722222222222223,10.416666666666668,60.0,60.0,60.0,0.0,1.0,0.0,-1,9.722222222222223,455.2652282714844,17.149999618530273,-990277777.7777778
2026-03-29T19:43:58Z,369,5.77256965637207,9.027777777777777,10.416666666666668,60.0,60.0,60.0,0.0,1.0,0.0,-1,9.027777777777777,398.2426452636719,16.600000381469727,-990972222.2222222
2026-03-29T19:57:38Z,370,5.5338544845581055,9.722222222222223,10.416666666666668,60.0,60.0,60.0,0.0,1.0,0.0,-1,9.722222222222223,466.1466064453125,16.899999618530273,-990277777.7777778
2026-03-29T20:12:08Z,371,6.228298664093018,9.722222222222223,10.416666666666668,60.0,60.0,60.0,0.0,1.0,0.0,-1,9.722222222222223,454.7234802246094,16.270000457763672,-990277777.7777778
2026-03-29T20:26:15Z,372,5.794270992279053,9.722222222222223,10.416666666666668,60.0,60.0,60.0,0.0,1.0,0.0,-1,9.722222222222223,446.32952880859375,18.360000610351562,-990277777.7777778
2026-03-29T20:40:24Z,373,5.84852409362793,9.722222222222223,10.416666666666668,60.0,60.0,60.0,0.0,1.0,0.0,-1,9.722222222222223,449.6375427246094,15.850000381469727,-990277777.7777778
2026-03-29T20:54:48Z,374,6.011284828186035,9.722222222222223,10.416666666666668,60.0,60.0,60.0,0.0,1.0,0.0,-1,9.722222222222223,443.4663391113281,17.079999923706055,-990277777.7777778
2026-03-29T21:08:53Z,375,5.7942705154418945,9.722222222222223,10.416666666666668,60.0,60.0,60.0,0.0,1.0,0.0,-1,9.722222222222223,442.4367980957031,17.059999465942383,-990277777.7777778
2026-03-29T21:24:45Z,376,6.228298664093018,9.722222222222223,10.416666666666668,60.0,60.0,60.0,0.0,1.0,0.0,-1,9.722222222222223,432.5769958496094,17.489999771118164,-990277777.7777778
2026-03-29T21:39:54Z,377,5.859375,9.722222222222223,10.416666666666668,60.0,60.0,60.0,0.0,1.0,0.0,-1,9.722222222222223,443.3695373535156,17.860000610351562,-990277777.7777778
2026-03-29T21:54:43Z,378,5.77256965637207,9.722222222222223,10.416666666666668,60.0,60.0,60.0,0.0,1.0,0.0,-1,9.722222222222223,433.9798583984375,17.899999618530273,-990277777.7777778
2026-03-29T22:10:25Z,379,5.978733062744141,9.722222222222223,10.416666666666668,60.0,60.0,60.0,0.0,1.0,0.0,-1,9.722222222222223,440.9517822265625,16.81999969482422,-990277777.7777778
2026-03-29T22:22:01Z,380,4.806857585906982,9.722222222222223,10.416666666666668,60.0,60.0,60.0,0.0,1.0,0.0,-1,9.722222222222223,443.288818359375,17.65999984741211,-990277777.7777778
